	sequence_id	cluster_id
0	NC_015897	Birds
1	NC_011716	Birds
2	NC_024575	Birds
3	NC_029344	Birds
4	NC_025916	Birds
5	NC_025616	Birds
6	NC_024698	Birds
7	NC_015203	Birds
8	NC_020581	Birds
9	NC_029145	Birds
10	NC_020604	Birds
11	NC_014341	Birds
12	NC_025613	Birds
13	NC_022817	Birds
14	NC_031819	Birds
15	NC_025579	Birds
16	NC_020578	Birds
17	NC_020591	Birds
18	NC_028020	Birds
19	NC_024866	Birds
20	NC_025927	Birds
21	NC_012844	Birds
22	NC_002069	Birds
23	NC_026548	Birds
24	NC_025596	Birds
25	NC_029151	Birds
26	NC_012772	Birds
27	NC_030603	Birds
28	NC_029377	Birds
29	NC_031157	Birds
30	NC_024619	Birds
31	NC_031352	Birds
32	NC_018548	Birds
33	NC_020423	Birds
34	NC_018807	Birds
35	NC_002772	Birds
36	NC_003712	Birds
37	NC_023777	Birds
38	NC_027275	Birds
39	NC_023788	Birds
40	NC_028404	Birds
41	NC_012143	Birds
42	NC_029146	Birds
43	NC_025622	Birds
44	NC_007598	Birds
45	NC_008140	Birds
46	NC_024865	Birds
47	NC_023946	Birds
48	NC_020574	Birds
49	NC_029359	Birds
50	NC_024257	Birds
51	NC_027655	Birds
52	NC_023939	Birds
53	NC_019668	Birds
54	NC_029144	Birds
55	NC_003408	Birds
56	NC_007979	Birds
57	NC_031347	Birds
58	NC_018798	Birds
59	NC_024618	Birds
60	NC_027229	Birds
61	NC_021621	Birds
62	NC_018805	Birds
63	NC_004538	Birds
64	NC_025595	Birds
65	NC_028437	Birds
66	NC_025923	Birds
67	NC_018794	Birds
68	NC_013483	Birds
69	NC_026082	Birds
70	NC_023375	Birds
71	NC_007975	Birds
72	NC_018806	Birds
73	NC_031868	Birds
74	NC_028174	Birds
75	NC_020426	Birds
76	NC_027947	Birds
77	NC_025654	Birds
78	NC_015233	Birds
79	NC_026459	Birds
80	NC_010227	Birds
81	NC_015077	Birds
82	NC_007006	Birds
83	NC_030585	Birds
84	NC_027095	Birds
85	NC_024198	Birds
86	NC_015898	Birds
87	NC_029147	Birds
88	NC_025618	Birds
89	NC_011818	Birds
90	NC_030368	Birds
91	NC_010771	Birds
92	NC_029758	Birds
93	NC_015201	Birds
94	NC_028545	Birds
95	NC_020584	Birds
96	NC_029188	Birds
97	NC_009684	Birds
98	NC_000877	Birds
99	NC_025742	Birds
100	NC_017604	Birds
101	NC_011718	Birds
102	NC_024280	Birds
103	NC_024620	Birds
104	NC_025637	Birds
105	NC_027933	Birds
106	NC_007172	Birds
107	NC_028019	Birds
108	NC_025919	Birds
109	NC_022418	Birds
110	NC_023779	Birds
111	NC_024533	Birds
112	NC_010770	Birds
113	NC_025609	Birds
114	NC_029402	Birds
115	NC_013146	Birds
116	NC_032058	Birds
117	NC_010195	Birds
118	NC_029189	Birds
119	NC_027496	Birds
120	NC_020573	Birds
121	NC_028346	Birds
122	NC_019804	Birds
123	NC_031865	Birds
124	NC_027845	Birds
125	NC_031351	Birds
126	NC_031374	Birds
127	NC_010228	Birds
128	NC_020600	Birds
129	NC_015085	Birds
130	NC_007883	Birds
131	NC_008550	Birds
132	NC_025914	Birds
133	NC_020576	Birds
134	NC_010781	Birds
135	NC_020597	Birds
136	NC_023832	Birds
137	NC_019666	Birds
138	NC_020594	Birds
139	NC_026461	Birds
140	NC_028187	Birds
141	NC_024868	Birds
142	NC_028186	Birds
143	NC_021474	Birds
144	NC_028194	Birds
145	NC_025600	Birds
146	NC_025502	Birds
147	NC_018801	Birds
148	NC_020582	Birds
149	NC_015234	Birds
150	NC_028037	Birds
151	NC_015192	Birds
152	NC_027096	Birds
153	NC_009736	Birds
154	NC_028188	Birds
155	NC_028436	Birds
156	NC_020599	Birds
157	NC_031350	Birds
158	NC_012140	Birds
159	NC_020572	Birds
160	NC_028408	Birds
161	NC_020575	Birds
162	NC_022683	Birds
163	NC_025628	Birds
164	NC_018803	Birds
165	NC_020592	Birds
166	NC_024553	Birds
167	NC_028163	Birds
168	NC_002778	Birds
169	NC_028162	Birds
170	NC_020583	Birds
171	NC_002196	Birds
172	NC_018799	Birds
173	NC_024266	Birds
174	NC_031869	Birds
175	NC_027942	Birds
176	NC_021368	Birds
177	NC_024107	Birds
178	NC_025627	Birds
179	NC_031863	Birds
180	NC_022839	Birds
181	NC_010778	Birds
182	NC_025580	Birds
183	NC_007978	Birds
184	NC_027847	Birds
185	NC_020424	Birds
186	NC_007011	Birds
187	NC_024873	Birds
188	NC_024925	Birds
189	NC_027067	Birds
190	NC_028036	Birds
191	NC_024593	Birds
192	NC_028273	Birds
193	NC_030286	Birds
194	NC_002672	Birds
195	NC_015074	Birds
196	NC_025625	Birds
197	NC_007628	Birds
198	NC_000879	Birds
199	NC_029139	Birds
200	NC_029328	Birds
201	NC_025614	Birds
202	NC_030288	Birds
203	NC_026125	Birds
204	NC_022840	Birds
205	NC_028082	Birds
206	NC_027267	Birds
207	NC_028038	Birds
208	NC_028178	Birds
209	NC_025594	Birds
210	NC_027284	Birds
211	NC_020429	Birds
212	NC_010095	Birds
213	NC_024524	Birds
214	NC_025507	Birds
215	NC_020603	Birds
216	NC_020577	Birds
217	NC_020580	Birds
218	NC_015232	Birds
219	NC_029322	Birds
220	NC_024869	Birds
221	NC_007599	Birds
222	NC_026189	Birds
223	NC_031353	Birds
224	NC_007897	Birds
225	NC_004539	Birds
226	NC_027841	Birds
227	NC_029229	Birds
228	NC_018804	Birds
229	NC_025604	Birds
230	NC_000846	Birds
231	NC_029837	Birds
232	NC_014046	Birds
233	NC_000880	Birds
234	NC_020425	Birds
235	NC_025773	Birds
236	NC_011711	Birds
237	NC_025598	Birds
238	NC_025922	Birds
239	NC_023981	Birds
240	NC_031447	Birds
241	NC_020588	Birds
242	NC_027657	Birds
243	NC_012453	Birds
244	NC_015200	Birds
245	NC_026042	Birds
246	NC_010962	Birds
247	NC_030285	Birds
248	NC_018808	Birds
249	NC_024682	Birds
250	NC_007240	Birds
251	NC_029137	Birds
252	NC_029475	Birds
253	NC_026547	Birds
254	NC_021137	Birds
255	NC_019664	Birds
256	NC_023264	Birds
257	NC_026223	Birds
258	NC_012897	Birds
259	NC_029360	Birds
260	NC_027848	Birds
261	NC_010767	Birds
262	NC_025599	Birds
263	NC_015530	Birds
264	NC_024267	Birds
265	NC_015824	Birds
266	NC_011196	Birds
267	NC_020596	Birds
268	NC_027279	Birds
269	NC_024615	Birds
270	NC_027843	Birds
271	NC_025607	Birds
272	NC_015236	Birds
273	NC_013806	Birds
274	NC_028336	Birds
275	NC_008138	Birds
276	NC_029161	Birds
277	NC_002784	Birds
278	NC_007007	Birds
279	NC_029769	Birds
280	NC_015237	Birds
281	NC_025900	Birds
282	NC_024068	Birds
283	NC_024750	Birds
284	NC_020586	Birds
285	NC_005933	Birds
286	NC_025318	Birds
287	NC_025608	Birds
288	NC_020579	Birds
289	NC_025501	Birds
290	NC_028176	Birds
291	NC_015802	Birds
292	NC_027936	Birds
293	NC_001323	Birds
294	NC_000878	Birds
295	NC_028333	Birds
296	NC_025911	Birds
297	NC_020613	Birds
298	NC_002783	Birds
299	NC_020569	Birds
300	NC_018797	Birds
301	NC_024867	Birds
302	NC_013244	Birds
303	NC_022684	Birds
304	NC_025556	Birds
305	NC_023940	Birds
306	NC_024726	Birds
307	NC_013838	Birds
308	NC_026701	Birds
309	NC_023787	Birds
310	NC_031897	Birds
311	NC_011709	Birds
312	NC_029482	Birds
313	NC_024730	Birds
314	NC_029138	Birds
315	NC_022815	Birds
316	NC_021641	Birds
317	NC_026190	Birds
318	NC_024087	Birds
319	NC_002782	Birds
320	NC_023982	Birds
321	NC_008549	Birds
322	NC_025621	Birds
323	NC_024870	Birds
324	NC_024595	Birds
325	NC_021764	Birds
326	NC_029319	Birds
327	NC_020601	Birds
328	NC_025912	Birds
329	NC_028039	Birds
330	NC_031864	Birds
331	NC_029383	Birds
332	NC_024871	Birds
333	NC_029141	Birds
334	NC_026911	Birds
335	NC_008546	Birds
336	NC_028441	Birds
337	NC_015196	Birds
338	NC_027504	Birds
339	NC_018800	Birds
340	NC_012900	Birds
341	NC_020598	Birds
342	NC_015482	Birds
343	NC_012843	Birds
344	NC_018812	Birds
345	NC_020427	Birds
346	NC_025920	Birds
347	NC_018827	Birds
348	NC_027839	Birds
349	NC_018809	Birds
350	NC_025617	Birds
351	NC_002673	Birds
352	NC_025649	Birds
353	NC_017601	Birds
354	NC_018813	Birds
355	NC_021408	Birds
356	NC_027938	Birds
357	NC_014576	Birds
358	NC_024048	Birds
359	NC_011816	Birds
360	NC_015887	Birds
361	NC_025630	Birds
362	NC_016723	Birds
363	NC_010774	Birds
364	NC_032725	Birds
365	NC_031870	Birds
366	NC_024552	Birds
367	NC_026715	Birds
368	NC_010089	Birds
369	NC_011817	Birds
370	NC_019667	Birds
371	NC_015195	Birds
372	NC_021445	Birds
373	NC_025500	Birds
374	NC_025610	Birds
375	NC_008132	Birds
376	NC_022150	Birds
377	NC_024616	Birds
378	NC_027230	Birds
379	NC_026068	Birds
380	NC_003713	Birds
381	NC_024821	Birds
382	NC_025620	Birds
383	NC_027731	Birds
384	NC_024268	Birds
385	NC_012142	Birds
386	NC_027453	Birds
387	NC_018810	Birds
388	NC_015197	Birds
389	NC_015526	Birds
390	NC_020570	Birds
391	NC_025924	Birds
392	NC_027231	Birds
393	NC_025606	Birds
394	NC_027285	Birds
395	NC_025917	Birds
396	NC_010965	Birds
397	NC_015114	Birds
398	NC_025619	Birds
399	NC_020593	Birds
400	NC_008540	Birds
401	NC_032059	Birds
402	NC_020325	Birds
403	NC_028414	Birds
404	NC_026188	Birds
405	NC_025602	Birds
406	NC_025521	Birds
407	NC_029321	Birds
408	NC_021771	Birds
409	NC_025508	Birds
410	NC_027840	Birds
411	NC_029140	Birds
412	NC_032304	Birds
413	NC_032363	Birds
414	NC_011712	Birds
415	NC_018033	Birds
416	NC_002785	Birds
417	NC_025499	Birds
418	NC_029846	Birds
419	NC_007239	Birds
420	NC_007691	Birds
421	NC_003128	Birds
422	NC_024156	Birds
423	NC_025623	Birds
424	NC_027934	Birds
425	NC_029862	Birds
426	NC_026029	Birds
427	NC_031348	Birds
428	NC_024554	Birds
429	NC_002779	Birds
430	NC_029142	Birds
431	NC_023969	Birds
432	NC_015613	Birds
433	NC_013978	Birds
434	NC_005932	Birds
435	NC_012895	Birds
436	NC_029462	Birds
437	NC_024673	Birds
438	NC_026066	Birds
439	NC_004575	Birds
440	NC_020587	Birds
441	NC_026067	Birds
442	NC_027241	Birds
443	NC_007227	Birds
444	NC_031866	Birds
445	NC_028195	Birds
446	NC_027455	Birds
447	NC_025921	Birds
448	NC_029703	Birds
449	NC_026793	Birds
450	NC_014455	Birds
451	NC_024631	Birds
452	NC_025926	Birds
453	NC_030604	Birds
454	NC_020602	Birds
455	NC_025597	Birds
456	NC_024539	Birds
457	NC_027260	Birds
458	NC_024607	Birds
459	NC_015810	Birds
460	NC_028177	Birds
461	NC_031349	Birds
462	NC_024617	Birds
463	NC_020605	Birds
464	NC_025611	Birds
465	NC_029143	Birds
466	NC_027420	Birds
467	NC_020585	Birds
468	NC_018796	Birds
469	NC_013619	Birds
470	NC_022452	Birds
471	NC_008139	Birds
472	NC_030771	Birds
473	NC_024640	Birds
474	NC_008547	Birds
475	NC_030287	Birds
476	NC_031518	Birds
477	NC_028193	Birds
478	NC_031830	Birds
479	NC_020590	Birds
480	NC_032362	Birds
481	NC_025615	Birds
482	NC_025918	Birds
483	NC_030507	Birds
484	NC_011714	Birds
485	NC_016679	Birds
486	NC_020595	Birds
487	NC_025915	Birds
488	NC_014180	Birds
489	NC_029340	Birds
490	NC_023352	Birds
491	NC_026293	Birds
492	NC_002197	Birds
493	NC_010094	Birds
494	NC_015190	Birds
495	NC_016922	Birds
496	NC_025605	Birds
497	NC_015199	Birds
498	NC_024602	Birds
499	NC_018802	Birds
500	EF050073	Reptiles
501	KT613185	Reptiles
502	KP232959	Reptiles
503	NC_013841	Reptiles
504	DQ016387	Reptiles
505	DQ273697	Reptiles
506	NC_018793	Reptiles
507	KF425529	Reptiles
508	JX454991	Reptiles
509	FR694649	Reptiles
510	EU708434	Reptiles
511	EU913477	Reptiles
512	KP684155	Reptiles
513	LC073730	Reptiles
514	KX644918	Reptiles
515	DQ273698	Reptiles
516	MT561500	Reptiles
517	AY605482	Reptiles
518	MH000168	Reptiles
519	MF460363	Reptiles
520	FJ755181	Reptiles
521	AY605475	Reptiles
522	LC073724	Reptiles
523	NC_048521	Reptiles
524	NC_012436	Reptiles
525	KC438281	Reptiles
526	JX454972	Reptiles
527	EU728582	Reptiles
528	EU728579	Reptiles
529	KF572032	Reptiles
530	MF066951	Reptiles
531	NC_010970	Reptiles
532	JF964960	Reptiles
533	MH000144	Reptiles
534	NC_026028	Reptiles
535	MK775531	Reptiles
536	DQ080048	Reptiles
537	EU728583	Reptiles
538	AB475096	Reptiles
539	MH000139	Reptiles
540	KP996620	Reptiles
541	JX454971	Reptiles
542	AB266739	Reptiles
543	AB738953	Reptiles
544	KU507306	Reptiles
545	JF317644	Reptiles
546	KU833245	Reptiles
547	MH000147	Reptiles
548	KP996636	Reptiles
549	AB476400	Reptiles
550	AB980995	Reptiles
551	NC_009769	Reptiles
552	FJ460598	Reptiles
553	NC_028326	Reptiles
554	DQ080041	Reptiles
555	KF110978	Reptiles
556	HQ172157	Reptiles
557	LC073706	Reptiles
558	KJ004564	Reptiles
559	EF626807	Reptiles
560	AB218960	Reptiles
561	NC_028030	Reptiles
562	KJ630904	Reptiles
563	NC_004448	Reptiles
564	LC073721	Reptiles
565	NC_024179	Reptiles
566	JN582335	Reptiles
567	KY695463	Reptiles
568	NC_013988	Reptiles
569	MK256359	Reptiles
570	AB179620	Reptiles
571	JX455823	Reptiles
572	EF551001	Reptiles
573	LC073712	Reptiles
574	KT982276	Reptiles
575	NC_049067	Reptiles
576	MH410033	Reptiles
577	EU728592	Reptiles
578	KP981389	Reptiles
579	KM216748	Reptiles
580	AB610503	Reptiles
581	MK867844	Reptiles
582	NC_002073	Reptiles
583	AB738948	Reptiles
584	MH020638	Reptiles
585	EU747731	Reptiles
586	AB474918	Reptiles
587	EU913478	Reptiles
588	AB738945	Reptiles
589	AY605480	Reptiles
590	AB218884	Reptiles
591	DQ256377	Reptiles
592	JF317635	Reptiles
593	MG182599	Reptiles
594	NC_042247	Reptiles
595	KT726956	Reptiles
596	MK070315	Reptiles
597	MN136052	Reptiles
598	AB080237	Reptiles
599	AP018117	Reptiles
600	KT372881	Reptiles
601	KP996609	Reptiles
602	KJ486458	Reptiles
603	AB738950	Reptiles
604	KF874616	Reptiles
605	KM507330	Reptiles
606	EF626808	Reptiles
607	JN016746	Reptiles
608	DQ080043	Reptiles
609	DQ656607	Reptiles
610	MH000178	Reptiles
611	KM455054	Reptiles
612	LC431744	Reptiles
613	AY282753	Reptiles
614	LC073723	Reptiles
615	GU045452	Reptiles
616	KF279681	Reptiles
617	KU052866	Reptiles
618	AB080274	Reptiles
619	NC_035748	Reptiles
620	KP996640	Reptiles
621	DQ080042	Reptiles
622	KM186844	Reptiles
623	AB178897	Reptiles
624	MN136054	Reptiles
625	MK091854	Reptiles
626	NC_041282	Reptiles
627	NC_014343	Reptiles
628	EU728587	Reptiles
629	AB738952	Reptiles
630	EU443256	Reptiles
631	KC990021	Reptiles
632	KM257724	Reptiles
633	NC_012414	Reptiles
634	JF317642	Reptiles
635	KF850472	Reptiles
636	LC073734	Reptiles
637	LC073711	Reptiles
638	KT726957	Reptiles
639	MH000164	Reptiles
640	EU809939	Reptiles
641	LC073749	Reptiles
642	KT005800	Reptiles
643	NC_030273	Reptiles
644	DQ080044	Reptiles
645	EU747728	Reptiles
646	DQ343650	Reptiles
647	JQ086345	Reptiles
648	AY605474	Reptiles
649	EF222198	Reptiles
650	HM488008	Reptiles
651	MK284224	Reptiles
652	AP019518	Reptiles
653	JN020145	Reptiles
654	AB266748	Reptiles
655	NC_013481	Reptiles
656	MH000166	Reptiles
657	AJ404872	Reptiles
658	MH000184	Reptiles
659	EF222200	Reptiles
660	MK261077	Reptiles
661	NC_021479	Reptiles
662	AB738955	Reptiles
663	AB474914	Reptiles
664	KP996642	Reptiles
665	MN864228	Reptiles
666	KY747498	Reptiles
667	AB114447	Reptiles
668	LC073728	Reptiles
669	AB185327	Reptiles
670	EF222193	Reptiles
671	MK867843	Reptiles
672	MK450438	Reptiles
673	KT277937	Reptiles
674	AB218720	Reptiles
675	HM370130	Reptiles
676	MF615513	Reptiles
677	HQ853256	Reptiles
678	EF222196	Reptiles
679	HM636895	Reptiles
680	MF523224	Reptiles
681	LC073744	Reptiles
682	NC_048977	Reptiles
683	MK775532	Reptiles
684	NC_046007	Reptiles
685	NC_009509	Reptiles
686	FJ460597	Reptiles
687	AB162908	Reptiles
688	AB166795	Reptiles
689	LC073725	Reptiles
690	EU747730	Reptiles
691	AB175670	Reptiles
692	MN702771	Reptiles
693	NC_024164	Reptiles
694	AB474917	Reptiles
695	AB179619	Reptiles
696	LC073737	Reptiles
697	KC333650	Reptiles
698	JF317639	Reptiles
699	KX774423	Reptiles
700	KP996615	Reptiles
701	MK923980	Reptiles
702	AB610502	Reptiles
703	NC_009330	Reptiles
704	KY486272	Reptiles
705	MH626511	Reptiles
706	AB980996	Reptiles
707	MH329292	Reptiles
708	LC073713	Reptiles
709	KP996613	Reptiles
710	KT447436	Reptiles
711	GU183364	Reptiles
712	AM258984	Reptiles
713	KF311102	Reptiles
714	KP938958	Reptiles
715	KU736930	Reptiles
716	KM487696	Reptiles
717	MH000186	Reptiles
718	AB176924	Reptiles
719	NC_031432	Reptiles
720	HM636896	Reptiles
721	KJ920382	Reptiles
722	EU728591	Reptiles
723	AM176577	Reptiles
724	KP996639	Reptiles
725	KX881372	Reptiles
726	AB262447	Reptiles
727	DQ080040	Reptiles
728	KT005801	Reptiles
729	HM636894	Reptiles
730	KP666135	Reptiles
731	LC073718	Reptiles
732	EU728586	Reptiles
733	KJ713173	Reptiles
734	EF222197	Reptiles
735	MH000141	Reptiles
736	KP888955	Reptiles
737	MK570292	Reptiles
738	NC_011198	Reptiles
739	KM401599	Reptiles
740	KP996619	Reptiles
741	KP996614	Reptiles
742	NC_041302	Reptiles
743	JF712890	Reptiles
744	NC_041292	Reptiles
745	MK580979	Reptiles
746	KP126516	Reptiles
747	AB008539	Reptiles
748	AF366350	Reptiles
749	AY605477	Reptiles
750	MH000188	Reptiles
751	KM216749	Reptiles
752	KP100054	Reptiles
753	KF148620	Reptiles
754	KF003004	Reptiles
755	NC_042473	Reptiles
756	NC_011074	Reptiles
757	KP996612	Reptiles
758	JQ266015	Reptiles
759	KJ179950	Reptiles
760	EU728578	Reptiles
761	JN582334	Reptiles
762	KJ941042	Reptiles
763	KP996611	Reptiles
764	EF088646	Reptiles
765	HQ585889	Reptiles
766	KP996633	Reptiles
767	JX181764	Reptiles
768	NC_006132	Reptiles
769	NC_041290	Reptiles
770	GQ245970	Reptiles
771	AY605483	Reptiles
772	AP018115	Reptiles
773	JF317641	Reptiles
774	MH000155	Reptiles
775	MH000183	Reptiles
776	AP019398	Reptiles
777	KC692465	Reptiles
778	MN136057	Reptiles
779	NC_041287	Reptiles
780	AY605484	Reptiles
781	JF317638	Reptiles
782	EU728590	Reptiles
783	NC_041286	Reptiles
784	AB080273	Reptiles
785	AJ278511	Reptiles
786	KR149293	Reptiles
787	KJ530718	Reptiles
788	KM401547	Reptiles
789	DQ080050	Reptiles
790	AB016606	Reptiles
791	LC073709	Reptiles
792	AB079597	Reptiles
793	AB606969	Reptiles
794	HQ172156	Reptiles
795	DQ523161	Reptiles
796	AB079596	Reptiles
797	KF148621	Reptiles
798	MH000162	Reptiles
799	AB738944	Reptiles
800	AY605473	Reptiles
801	EF222202	Reptiles
802	HM641837	Reptiles
803	KT897595	Reptiles
804	KC578685	Reptiles
805	JF802204	Reptiles
806	AB218883	Reptiles
807	NC_016923	Reptiles
808	KT277936	Reptiles
809	KT279358	Reptiles
810	NC_010972	Reptiles
811	EF222199	Reptiles
812	KP996621	Reptiles
813	EF222189	Reptiles
814	AP018114	Reptiles
815	KJ551842	Reptiles
816	NC_036053	Reptiles
817	FJ424614	Reptiles
818	NC_041096	Reptiles
819	MN136060	Reptiles
820	MH000136	Reptiles
821	KP996632	Reptiles
822	NC_044186	Reptiles
823	AB012104	Reptiles
824	NC_014048	Reptiles
825	KT951839	Reptiles
826	GU144286	Reptiles
827	NC_037387	Reptiles
828	KJ689381	Reptiles
829	KF574821	Reptiles
830	MH000142	Reptiles
831	LC073747	Reptiles
832	KJ885621	Reptiles
833	LC073722	Reptiles
834	AB266749	Reptiles
835	MH000179	Reptiles
836	KP996630	Reptiles
837	DQ533485	Reptiles
838	MG383833	Reptiles
839	AJ810453	Reptiles
840	JN211315	Reptiles
841	KM093858	Reptiles
842	KC692463	Reptiles
843	EU579523	Reptiles
844	AB185326	Reptiles
845	FJ763736	Reptiles
846	EU913475	Reptiles
847	NC_046010	Reptiles
848	NC_012444	Reptiles
849	MG182598	Reptiles
850	KP256531	Reptiles
851	KJ680321	Reptiles
852	MH000149	Reptiles
853	KC990830	Reptiles
854	KC692461	Reptiles
855	DQ008215	Reptiles
856	DQ343648	Reptiles
857	NC_042474	Reptiles
858	AP019397	Reptiles
859	KP091282	Reptiles
860	MN136053	Reptiles
861	KJ179951	Reptiles
862	EF490071	Reptiles
863	MG431983	Reptiles
864	KC692462	Reptiles
865	GQ889364	Reptiles
866	JF966197	Reptiles
867	MH000171	Reptiles
868	DQ353946	Reptiles
869	KM104865	Reptiles
870	HM488007	Reptiles
871	HQ896027	Reptiles
872	AB477345	Reptiles
873	KU641019	Reptiles
874	KU997642	Reptiles
875	NC_041288	Reptiles
876	KF460436	Reptiles
877	KM017746	Reptiles
878	MH000177	Reptiles
879	MH000167	Reptiles
880	KP996628	Reptiles
881	NC_020340	Reptiles
882	KJ749841	Reptiles
883	LC073727	Reptiles
884	LC073707	Reptiles
885	JN016747	Reptiles
886	KF039901	Reptiles
887	JN865214	Reptiles
888	KJ486459	Reptiles
889	EF090421	Reptiles
890	LC073732	Reptiles
891	MG182397	Reptiles
892	DQ343647	Reptiles
893	NC_046006	Reptiles
894	MH717075	Reptiles
895	EF222194	Reptiles
896	MK334307	Reptiles
897	AB177878	Reptiles
898	DQ486893	Reptiles
899	AB177354	Reptiles
900	KF039900	Reptiles
901	KJ830752	Reptiles
902	FJ469674	Reptiles
903	KJ643142	Reptiles
904	MK450437	Reptiles
905	NC_045531	Reptiles
906	MH000151	Reptiles
907	AF039066	Reptiles
908	NC_048976	Reptiles
909	MT561497	Reptiles
910	KY073263	Reptiles
911	AM493870	Reptiles
912	HQ896026	Reptiles
913	MH000160	Reptiles
914	KU641018	Reptiles
915	MH748151	Reptiles
916	AB474916	Reptiles
917	AB661663	Reptiles
918	KR996131	Reptiles
919	HQ114563	Reptiles
920	JX292787	Reptiles
921	NC_009260	Reptiles
922	KU646826	Reptiles
923	DQ080049	Reptiles
924	AB612271	Reptiles
925	EU728585	Reptiles
926	MF571906	Reptiles
927	KF360246	Reptiles
928	AB474915	Reptiles
929	EF626811	Reptiles
930	MH000161	Reptiles
931	EF222195	Reptiles
932	LC073738	Reptiles
933	MH000170	Reptiles
934	LC073745	Reptiles
935	KU194299	Reptiles
936	KP996616	Reptiles
937	MH000157	Reptiles
938	NC_046009	Reptiles
939	KP262412	Reptiles
940	JX454990	Reptiles
941	JQ266017	Reptiles
942	LC073714	Reptiles
943	LC073740	Reptiles
944	NC_014054	Reptiles
945	AB266452	Reptiles
946	FJ752492	Reptiles
947	LC073716	Reptiles
948	DQ080046	Reptiles
949	AB661661	Reptiles
950	MH000153	Reptiles
951	NC_029166	Reptiles
952	KP279760	Reptiles
953	HM581978	Reptiles
954	KP981388	Reptiles
955	NC_042476	Reptiles
956	MH000182	Reptiles
957	NC_015235	Reptiles
958	MK370739	Reptiles
959	KU641028	Reptiles
960	EU443257	Reptiles
961	NC_012443	Reptiles
962	KU258498	Reptiles
963	GU320209	Reptiles
964	FJ915117	Reptiles
965	JX454975	Reptiles
966	KJ872487	Reptiles
967	NC_013990	Reptiles
968	MH460961	Reptiles
969	LC073733	Reptiles
970	MK780743	Reptiles
971	NC_037383	Reptiles
972	MH000176	Reptiles
973	EF090423	Reptiles
974	AM493869	Reptiles
975	LC073748	Reptiles
976	KM508815	Reptiles
977	KC692464	Reptiles
978	AP018118	Reptiles
979	KT962834	Reptiles
980	KC119493	Reptiles
981	NC_046794	Reptiles
982	AB177879	Reptiles
983	KM434236	Reptiles
984	KP900218	Reptiles
985	MG582067	Reptiles
986	LC073736	Reptiles
987	KP996635	Reptiles
988	KM065513	Reptiles
989	KP996617	Reptiles
990	MH000173	Reptiles
991	NC_041289	Reptiles
992	NC_013479	Reptiles
993	KR911720	Reptiles
994	MN136055	Reptiles
995	MN427890	Reptiles
996	EF222190	Reptiles
997	LC073710	Reptiles
998	FJ871126	Reptiles
999	AB661665	Reptiles
1000	NC_009863	Fish
1001	NC_022447	Fish
1002	NC_020149	Fish
1003	NC_029388	Fish
1004	NC_031593	Fish
1005	NC_020467	Fish
1006	NC_045066	Fish
1007	NC_005836	Fish
1008	NC_031629	Fish
1009	NC_007783	Fish
1010	NC_045916	Fish
1011	NC_024178	Fish
1012	NC_009058	Fish
1013	NC_035147	Fish
1014	NC_018600	Fish
1015	NC_020782	Fish
1016	NC_003186	Fish
1017	NC_022503	Fish
1018	NC_033932	Fish
1019	NC_024587	Fish
1020	NC_024939	Fish
1021	NC_030320	Fish
1022	NC_025770	Fish
1023	NC_016020	Fish
1024	NC_011627	Fish
1025	NC_024938	Fish
1026	NC_028279	Fish
1027	NC_022855	Fish
1028	NC_013138	Fish
1029	NC_004400	Fish
1030	NC_006537	Fish
1031	NC_006547	Fish
1032	NC_030590	Fish
1033	NC_011941	Fish
1034	NC_024858	Fish
1035	NC_027410	Fish
1036	NC_023378	Fish
1037	NC_046462	Fish
1038	NC_029247	Fish
1039	NC_043847	Fish
1040	NC_004299	Fish
1041	NC_029444	Fish
1042	NC_017838	Fish
1043	NC_027733	Fish
1044	NC_021763	Fish
1045	NC_038151	Fish
1046	NC_011936	Fish
1047	NC_022181	Fish
1048	NC_004595	Fish
1049	NC_037131	Fish
1050	NC_021603	Fish
1051	NC_013071	Fish
1052	NC_008678	Fish
1053	NC_027238	Fish
1054	NC_013140	Fish
1055	NC_015813	Fish
1056	NC_026122	Fish
1057	NC_020011	Fish
1058	NC_024536	Fish
1059	NC_036719	Fish
1060	NC_004401	Fish
1061	NC_022192	Fish
1062	NC_029479	Fish
1063	NC_024032	Fish
1064	NC_030318	Fish
1065	NC_023447	Fish
1066	NC_043918	Fish
1067	NC_011928	Fish
1068	NC_009578	Fish
1069	NC_010979	Fish
1070	NC_026464	Fish
1071	NC_033923	Fish
1072	NC_003179	Fish
1073	NC_022484	Fish
1074	NC_042684	Fish
1075	NC_013617	Fish
1076	NC_004698	Fish
1077	NC_037405	Fish
1078	NC_037013	Fish
1079	NC_026455	Fish
1080	NC_008647	Fish
1081	NC_026451	Fish
1082	NC_020345	Fish
1083	NC_046444	Fish
1084	NC_035064	Fish
1085	NC_024847	Fish
1086	NC_006545	Fish
1087	NC_011599	Fish
1088	NC_010194	Fish
1089	NC_018045	Fish
1090	NC_008127	Fish
1091	NC_018774	Fish
1092	NC_032715	Fish
1093	NC_022951	Fish
1094	NC_005251	Fish
1095	NC_024285	Fish
1096	NC_022818	Fish
1097	NC_029159	Fish
1098	NC_026912	Fish
1099	NC_036147	Fish
1100	NC_013754	Fish
1101	NC_026211	Fish
1102	NC_037925	Fish
1103	NC_025631	Fish
1104	NC_026717	Fish
1105	NC_022845	Fish
1106	NC_011219	Fish
1107	NC_016705	Fish
1108	NC_025562	Fish
1109	NC_015354	Fish
1110	NC_029471	Fish
1111	NC_020655	Fish
1112	NC_005317	Fish
1113	NC_036148	Fish
1114	NC_029461	Fish
1115	NC_030170	Fish
1116	NC_015358	Fish
1117	NC_003160	Fish
1118	NC_015346	Fish
1119	NC_008670	Fish
1120	NC_010234	Fish
1121	NC_031567	Fish
1122	NC_016195	Fish
1123	NC_029946	Fish
1124	NC_011947	Fish
1125	NC_014689	Fish
1126	NC_013087	Fish
1127	NC_004406	Fish
1128	NC_011946	Fish
1129	NC_006919	Fish
1130	NC_023968	Fish
1131	NC_025297	Fish
1132	NC_034753	Fish
1133	NC_031562	Fish
1134	NC_044104	Fish
1135	NC_015092	Fish
1136	NC_044650	Fish
1137	NC_012908	Fish
1138	NC_014268	Fish
1139	NC_014880	Fish
1140	NC_024238	Fish
1141	NC_029425	Fish
1142	NC_015531	Fish
1143	NC_031610	Fish
1144	NC_035982	Fish
1145	NC_014061	Fish
1146	NC_004388	Fish
1147	NC_022702	Fish
1148	NC_015815	Fish
1149	NC_011636	Fish
1150	NC_014353	Fish
1151	NC_028291	Fish
1152	NC_025585	Fish
1153	NC_028513	Fish
1154	NC_039135	Fish
1155	NC_008126	Fish
1156	NC_011331	Fish
1157	NC_021752	Fish
1158	NC_028277	Fish
1159	NC_016682	Fish
1160	NC_023265	Fish
1161	NC_035428	Fish
1162	NC_031424	Fish
1163	NC_031586	Fish
1164	NC_028416	Fish
1165	NC_029228	Fish
1166	NC_004413	Fish
1167	NC_023797	Fish
1168	NC_009854	Fish
1169	NC_037408	Fish
1170	NC_024422	Fish
1171	NC_026725	Fish
1172	NC_013868	Fish
1173	NC_033916	Fish
1174	NC_045927	Fish
1175	NC_025199	Fish
1176	NC_027097	Fish
1177	NC_020032	Fish
1178	NC_026533	Fish
1179	NC_014849	Fish
1180	NC_028033	Fish
1181	NC_033938	Fish
1182	NC_010007	Fish
1183	NC_015551	Fish
1184	NC_033859	Fish
1185	NC_016672	Fish
1186	NC_014882	Fish
1187	NC_023972	Fish
1188	NC_013189	Fish
1189	NC_037505	Fish
1190	NC_022844	Fish
1191	NC_024436	Fish
1192	NC_037220	Fish
1193	NC_027166	Fish
1194	NC_018553	Fish
1195	NC_012679	Fish
1196	NC_004592	Fish
1197	NC_031522	Fish
1198	NC_008461	Fish
1199	NC_016673	Fish
1200	NC_021134	Fish
1201	NC_006818	Fish
1202	NC_022725	Fish
1203	NC_036721	Fish
1204	NC_021757	Fish
1205	NC_043910	Fish
1206	NC_029349	Fish
1207	NC_027857	Fish
1208	NC_014893	Fish
1209	NC_025930	Fish
1210	NC_027968	Fish
1211	NC_006355	Fish
1212	NC_029382	Fish
1213	NC_024848	Fish
1214	NC_009576	Fish
1215	NC_017892	Fish
1216	NC_043859	Fish
1217	NC_018566	Fish
1218	NC_003175	Fish
1219	NC_005318	Fish
1220	NC_041429	Fish
1221	NC_029423	Fish
1222	NC_005257	Fish
1223	NC_030610	Fish
1224	NC_024672	Fish
1225	NC_018037	Fish
1226	NC_024058	Fish
1227	NC_035954	Fish
1228	NC_025665	Fish
1229	NC_033545	Fish
1230	NC_026794	Fish
1231	NC_026119	Fish
1232	NC_029445	Fish
1233	NC_011321	Fish
1234	NC_029252	Fish
1235	NC_003181	Fish
1236	NC_043916	Fish
1237	NC_022955	Fish
1238	NC_008280	Fish
1239	NC_024739	Fish
1240	NC_035660	Fish
1241	NC_021620	Fish
1242	NC_036229	Fish
1243	NC_013845	Fish
1244	NC_045214	Fish
1245	NC_012737	Fish
1246	NC_014277	Fish
1247	NC_015541	Fish
1248	NC_029451	Fish
1249	NC_008747	Fish
1250	NC_025953	Fish
1251	NC_021935	Fish
1252	NC_010271	Fish
1253	NC_031569	Fish
1254	NC_033860	Fish
1255	NC_009066	Fish
1256	NC_030485	Fish
1257	NC_023947	Fish
1258	NC_027587	Fish
1259	NC_023272	Fish
1260	NC_036393	Fish
1261	NC_026899	Fish
1262	NC_018135	Fish
1263	NC_037469	Fish
1264	NC_031608	Fish
1265	NC_035944	Fish
1266	NC_027592	Fish
1267	NC_023799	Fish
1268	NC_029877	Fish
1269	NC_026128	Fish
1270	NC_008671	Fish
1271	NC_042248	Fish
1272	NC_028516	Fish
1273	NC_030278	Fish
1274	NC_012906	Fish
1275	NC_028169	Fish
1276	NC_014265	Fish
1277	NC_015239	Fish
1278	NC_025771	Fish
1279	NC_013724	Fish
1280	NC_023129	Fish
1281	NC_010108	Fish
1282	NC_001960	Fish
1283	NC_013872	Fish
1284	NC_033934	Fish
1285	NC_028151	Fish
1286	NC_022486	Fish
1287	NC_018559	Fish
1288	NC_036391	Fish
1289	NC_013873	Fish
1290	NC_024921	Fish
1291	NC_022692	Fish
1292	NC_011623	Fish
1293	NC_010963	Fish
1294	NC_029488	Fish
1295	NC_017891	Fish
1296	NC_027594	Fish
1297	NC_029437	Fish
1298	NC_013705	Fish
1299	NC_018824	Fish
1300	NC_024749	Fish
1301	NC_026918	Fish
1302	NC_017611	Fish
1303	NC_009061	Fish
1304	NC_023336	Fish
1305	NC_004392	Fish
1306	NC_030521	Fish
1307	NC_015355	Fish
1308	NC_020046	Fish
1309	NC_031575	Fish
1310	NC_030322	Fish
1311	NC_004384	Fish
1312	NC_004407	Fish
1313	NC_044725	Fish
1314	NC_010110	Fish
1315	NC_041192	Fish
1316	NC_022960	Fish
1317	NC_026106	Fish
1318	NC_033950	Fish
1319	NC_034340	Fish
1320	NC_042503	Fish
1321	NC_020468	Fish
1322	NC_015082	Fish
1323	NC_013611	Fish
1324	NC_031580	Fish
1325	NC_031625	Fish
1326	NC_022480	Fish
1327	NC_031620	Fish
1328	NC_029438	Fish
1329	NC_024573	Fish
1330	NC_035994	Fish
1331	NC_024088	Fish
1332	NC_023461	Fish
1333	NC_012705	Fish
1334	NC_036146	Fish
1335	NC_010274	Fish
1336	NC_028224	Fish
1337	NC_027167	Fish
1338	NC_030009	Fish
1339	NC_011631	Fish
1340	NC_020012	Fish
1341	NC_046441	Fish
1342	NC_040863	Fish
1343	NC_022191	Fish
1344	NC_012044	Fish
1345	NC_020047	Fish
1346	NC_017608	Fish
1347	NC_018825	Fish
1348	NC_002812	Fish
1349	NC_013871	Fish
1350	NC_008103	Fish
1351	NC_023222	Fish
1352	NC_007889	Fish
1353	NC_034658	Fish
1354	NC_045225	Fish
1355	NC_017876	Fish
1356	NC_027417	Fish
1357	NC_015350	Fish
1358	NC_024039	Fish
1359	NC_003163	Fish
1360	NC_031585	Fish
1361	NC_009855	Fish
1362	NC_008666	Fish
1363	NC_022182	Fish
1364	NC_037015	Fish
1365	NC_013623	Fish
1366	NC_008743	Fish
1367	NC_029761	Fish
1368	NC_036149	Fish
1369	NC_034667	Fish
1370	NC_031524	Fish
1371	NC_035867	Fish
1372	NC_036741	Fish
1373	NC_027664	Fish
1374	NC_015102	Fish
1375	NC_022464	Fish
1376	NC_031529	Fish
1377	NC_029348	Fish
1378	NC_019647	Fish
1379	NC_006531	Fish
1380	NC_017880	Fish
1381	NC_028089	Fish
1382	NC_028434	Fish
1383	NC_010156	Fish
1384	NC_003184	Fish
1385	NC_008675	Fish
1386	NC_034352	Fish
1387	NC_031572	Fish
1388	NC_030344	Fish
1389	NC_033959	Fish
1390	NC_026303	Fish
1391	NC_021765	Fish
1392	NC_031553	Fish
1393	NC_012714	Fish
1394	NC_034651	Fish
1395	NC_013605	Fish
1396	NC_015107	Fish
1397	NC_027435	Fish
1398	NC_029323	Fish
1399	NC_033944	Fish
1400	NC_024949	Fish
1401	NC_021107	Fish
1402	NC_027169	Fish
1403	NC_004411	Fish
1404	NC_018366	Fish
1405	NC_020339	Fish
1406	NC_032035	Fish
1407	NC_021616	Fish
1408	NC_037924	Fish
1409	NC_030759	Fish
1410	NC_008102	Fish
1411	NC_005804	Fish
1412	NC_023539	Fish
1413	NC_010267	Fish
1414	NC_004405	Fish
1415	NC_001778	Fish
1416	NC_004404	Fish
1417	NC_031632	Fish
1418	NC_037474	Fish
1419	NC_025300	Fish
1420	NC_010269	Fish
1421	NC_041097	Fish
1422	NC_043904	Fish
1423	NC_030326	Fish
1424	NC_011924	Fish
1425	NC_011168	Fish
1426	NC_008672	Fish
1427	NC_022952	Fish
1428	NC_004419	Fish
1429	NC_015754	Fish
1430	NC_028593	Fish
1431	NC_018534	Fish
1432	NC_004696	Fish
1433	NC_022931	Fish
1434	NC_004382	Fish
1435	NC_023976	Fish
1436	NC_026886	Fish
1437	NC_026535	Fish
1438	NC_022177	Fish
1439	NC_005144	Fish
1440	NC_037858	Fish
1441	NC_015995	Fish
1442	NC_013577	Fish
1443	NC_008616	Fish
1444	NC_034339	Fish
1445	NC_011925	Fish
1446	NC_022509	Fish
1447	NC_021601	Fish
1448	NC_028173	Fish
1449	NC_026236	Fish
1450	NC_042212	Fish
1451	NC_020654	Fish
1452	NC_025301	Fish
1453	NC_021418	Fish
1454	NC_037731	Fish
1455	NC_016698	Fish
1456	NC_003191	Fish
1457	NC_037020	Fish
1458	NC_033935	Fish
1459	NC_015839	Fish
1460	NC_018555	Fish
1461	NC_033521	Fish
1462	NC_031607	Fish
1463	NC_031559	Fish
1464	NC_002081	Fish
1465	NC_024431	Fish
1466	NC_023101	Fish
1467	NC_009773	Fish
1468	NC_021392	Fish
1469	NC_035001	Fish
1470	NC_031561	Fish
1471	NC_028544	Fish
1472	NC_022142	Fish
1473	NC_015341	Fish
1474	NC_036348	Fish
1475	NC_031636	Fish
1476	NC_025589	Fish
1477	NC_015240	Fish
1478	NC_033541	Fish
1479	NC_028276	Fish
1480	NC_029709	Fish
1481	NC_024585	Fish
1482	NC_029350	Fish
1483	NC_026712	Fish
1484	NC_008657	Fish
1485	NC_010649	Fish
1486	NC_027411	Fish
1487	NC_044075	Fish
1488	NC_031631	Fish
1489	NC_024746	Fish
1490	NC_022506	Fish
1491	NC_022510	Fish
1492	NC_006131	Fish
1493	NC_044072	Fish
1494	NC_029728	Fish
1495	NC_031803	Fish
1496	NC_045285	Fish
1497	NC_023446	Fish
1498	NC_027289	Fish
1499	NC_029938	Fish
1500	NC_021129	Mammals
1501	NC_018358	Mammals
1502	NC_023263	Mammals
1503	NC_007179	Mammals
1504	NC_022425	Mammals
1505	NC_020683	Mammals
1506	NC_012098	Mammals
1507	NC_003039	Mammals
1508	NC_006518	Mammals
1509	NC_019617	Mammals
1510	NC_012059	Mammals
1511	NC_007937	Mammals
1512	NC_001665	Mammals
1513	NC_007936	Mammals
1514	NC_021434	Mammals
1515	NC_009574	Mammals
1516	NC_022419	Mammals
1517	NC_024818	Mammals
1518	NC_023970	Mammals
1519	NC_001941	Mammals
1520	NC_029381	Mammals
1521	NC_012775	Mammals
1522	NC_026706	Mammals
1523	NC_025271	Mammals
1524	NC_012061	Mammals
1525	NC_028561	Mammals
1526	NC_026542	Mammals
1527	NC_025283	Mammals
1528	NC_015486	Mammals
1529	NC_002619	Mammals
1530	NC_013068	Mammals
1531	NC_019626	Mammals
1532	NC_020675	Mammals
1533	NC_011120	Mammals
1534	NC_008133	Mammals
1535	NC_020757	Mammals
1536	NC_020637	Mammals
1537	NC_029762	Mammals
1538	NC_021939	Mammals
1539	NC_009970	Mammals
1540	NC_014871	Mammals
1541	NC_009969	Mammals
1542	NC_023830	Mammals
1543	NC_027115	Mammals
1544	NC_006520	Mammals
1545	NC_004028	Mammals
1546	NC_013993	Mammals
1547	NC_006901	Mammals
1548	NC_022422	Mammals
1549	NC_028320	Mammals
1550	NC_024604	Mammals
1551	NC_026034	Mammals
1552	NC_006924	Mammals
1553	NC_023780	Mammals
1554	NC_020743	Mammals
1555	NC_008136	Mammals
1556	NC_028303	Mammals
1557	NC_008447	Mammals
1558	NC_012096	Mammals
1559	NC_005315	Mammals
1560	NC_018053	Mammals
1561	NC_004030	Mammals
1562	NC_005435	Mammals
1563	NC_023958	Mammals
1564	NC_029760	Mammals
1565	NC_004563	Mammals
1566	NC_020719	Mammals
1567	NC_012764	Mammals
1568	NC_014701	Mammals
1569	NC_007009	Mammals
1570	NC_028567	Mammals
1571	NC_024558	Mammals
1572	NC_008218	Mammals
1573	NC_000934	Mammals
1574	NC_005269	Mammals
1575	NC_011124	Mammals
1576	NC_011112	Mammals
1577	NC_014692	Mammals
1578	NC_029840	Mammals
1579	NC_020688	Mammals
1580	NC_028571	Mammals
1581	NC_031835	Mammals
1582	NC_020664	Mammals
1583	NC_020622	Mammals
1584	NC_021949	Mammals
1585	NC_005277	Mammals
1586	NC_020699	Mammals
1587	NC_011117	Mammals
1588	NC_019801	Mammals
1589	NC_020696	Mammals
1590	NC_012095	Mammals
1591	NC_021944	Mammals
1592	NC_016707	Mammals
1593	NC_020704	Mammals
1594	NC_027692	Mammals
1595	NC_019802	Mammals
1596	NC_020631	Mammals
1597	NC_008427	Mammals
1598	NC_012684	Mammals
1599	NC_004027	Mammals
1600	NC_025902	Mammals
1601	NC_028210	Mammals
1602	NC_020690	Mammals
1603	NC_021386	Mammals
1604	NC_003040	Mammals
1605	NC_012141	Mammals
1606	NC_032286	Mammals
1607	NC_020006	Mammals
1608	NC_027248	Mammals
1609	NC_019591	Mammals
1610	NC_003427	Mammals
1611	NC_023210	Mammals
1612	NC_004031	Mammals
1613	NC_020659	Mammals
1614	NC_016689	Mammals
1615	NC_025287	Mammals
1616	NC_019585	Mammals
1617	NC_025952	Mammals
1618	NC_013840	Mammals
1619	NC_005044	Mammals
1620	NC_008433	Mammals
1621	NC_012057	Mammals
1622	NC_028558	Mammals
1623	NC_023122	Mammals
1624	NC_001992	Mammals
1625	NC_010302	Mammals
1626	NC_026098	Mammals
1627	NC_011638	Mammals
1628	NC_005826	Mammals
1629	NC_029346	Mammals
1630	NC_027742	Mammals
1631	NC_024628	Mammals
1632	NC_021478	Mammals
1633	NC_014770	Mammals
1634	NC_023962	Mammals
1635	NC_026063	Mammals
1636	NC_019588	Mammals
1637	NC_020755	Mammals
1638	NC_013996	Mammals
1639	NC_024567	Mammals
1640	NC_020740	Mammals
1641	NC_022421	Mammals
1642	NC_020686	Mammals
1643	NC_028557	Mammals
1644	NC_005828	Mammals
1645	NC_025568	Mammals
1646	NC_027604	Mammals
1647	NC_020666	Mammals
1648	NC_031802	Mammals
1649	NC_027278	Mammals
1650	NC_012461	Mammals
1651	NC_021945	Mammals
1652	NC_021956	Mammals
1653	NC_001821	Mammals
1654	NC_020661	Mammals
1655	NC_020716	Mammals
1656	NC_028554	Mammals
1657	NC_005129	Mammals
1658	NC_018595	Mammals
1659	NC_001601	Mammals
1660	NC_019580	Mammals
1661	NC_003033	Mammals
1662	NC_027956	Mammals
1663	NC_005825	Mammals
1664	NC_020476	Mammals
1665	NC_013834	Mammals
1666	NC_026723	Mammals
1667	NC_005270	Mammals
1668	NC_027499	Mammals
1669	NC_028302	Mammals
1670	NC_020624	Mammals
1671	NC_009748	Mammals
1672	NC_028556	Mammals
1673	NC_023457	Mammals
1674	NC_014042	Mammals
1675	NC_006517	Mammals
1676	NC_014875	Mammals
1677	NC_026915	Mammals
1678	NC_006914	Mammals
1679	NC_016662	Mammals
1680	NC_024860	Mammals
1681	NC_016055	Mammals
1682	NC_021946	Mammals
1683	NC_020695	Mammals
1684	NC_009677	Mammals
1685	NC_025277	Mammals
1686	NC_016008	Mammals
1687	NC_001640	Mammals
1688	NC_027245	Mammals
1689	NC_011358	Mammals
1690	NC_005314	Mammals
1691	NC_009492	Mammals
1692	NC_021947	Mammals
1693	NC_006519	Mammals
1694	NC_023459	Mammals
1695	NC_024041	Mammals
1696	NC_025270	Mammals
1697	NC_028309	Mammals
1698	NC_020677	Mammals
1699	NC_009629	Mammals
1700	NC_012387	Mammals
1701	NC_025330	Mammals
1702	NC_030179	Mammals
1703	NC_026705	Mammals
1704	NC_025268	Mammals
1705	NC_005271	Mammals
1706	NC_032373	Mammals
1707	NC_026204	Mammals
1708	NC_019578	Mammals
1709	NC_023347	Mammals
1710	NC_020678	Mammals
1711	NC_021965	Mammals
1712	NC_021958	Mammals
1713	NC_024043	Mammals
1714	NC_008416	Mammals
1715	NC_015841	Mammals
1716	NC_002764	Mammals
1717	NC_009056	Mammals
1718	NC_027828	Mammals
1719	NC_006524	Mammals
1720	NC_028013	Mammals
1721	NC_028576	Mammals
1722	NC_020681	Mammals
1723	NC_020789	Mammals
1724	NC_027424	Mammals
1725	NC_020723	Mammals
1726	NC_007629	Mammals
1727	NC_001602	Mammals
1728	NC_020433	Mammals
1729	NC_003321	Mammals
1730	NC_020642	Mammals
1731	NC_008145	Mammals
1732	NC_014051	Mammals
1733	NC_015243	Mammals
1734	NC_012053	Mammals
1735	NC_027237	Mammals
1736	NC_012103	Mammals
1737	NC_020706	Mammals
1738	NC_018096	Mammals
1739	NC_002765	Mammals
1740	NC_026976	Mammals
1741	NC_010640	Mammals
1742	NC_027579	Mammals
1743	NC_016178	Mammals
1744	NC_020621	Mammals
1745	NC_007632	Mammals
1746	NC_014044	Mammals
1747	NC_021959	Mammals
1748	NC_016191	Mammals
1749	NC_020656	Mammals
1750	NC_032352	Mammals
1751	NC_015241	Mammals
1752	NC_028306	Mammals
1753	NC_012763	Mammals
1754	NC_014696	Mammals
1755	NC_027945	Mammals
1756	NC_020684	Mammals
1757	NC_025278	Mammals
1758	NC_027500	Mammals
1759	NC_025516	Mammals
1760	NC_020738	Mammals
1761	NC_004032	Mammals
1762	NC_012051	Mammals
1763	NC_022426	Mammals
1764	NC_011519	Mammals
1765	NC_013558	Mammals
1766	NC_021952	Mammals
1767	NC_030184	Mammals
1768	NC_020620	Mammals
1769	NC_021398	Mammals
1770	NC_025949	Mammals
1771	NC_020618	Mammals
1772	NC_010641	Mammals
1773	NC_021951	Mammals
1774	NC_002369	Mammals
1775	NC_025308	Mammals
1776	NC_026086	Mammals
1777	NC_023889	Mammals
1778	NC_012683	Mammals
1779	NC_008418	Mammals
1780	NC_005971	Mammals
1781	NC_001325	Mammals
1782	NC_026095	Mammals
1783	NC_021955	Mammals
1784	NC_007631	Mammals
1785	NC_020744	Mammals
1786	NC_025559	Mammals
1787	NC_001643	Mammals
1788	NC_020722	Mammals
1789	NC_025769	Mammals
1790	NC_005268	Mammals
1791	NC_013753	Mammals
1792	NC_029375	Mammals
1793	NC_011125	Mammals
1794	NC_026120	Mammals
1795	NC_008432	Mammals
1796	NC_025222	Mammals
1797	NC_010340	Mammals
1798	NC_019583	Mammals
1799	NC_020640	Mammals
1800	NC_025748	Mammals
1801	NC_019579	Mammals
1802	NC_008134	Mammals
1803	NC_030788	Mammals
1804	NC_005276	Mammals
1805	NC_026090	Mammals
1806	NC_024933	Mammals
1807	NC_022474	Mammals
1808	NC_019582	Mammals
1809	NC_008066	Mammals
1810	NC_005279	Mammals
1811	NC_008419	Mammals
1812	NC_021948	Mammals
1813	NC_014855	Mammals
1814	NC_025296	Mammals
1815	NC_020670	Mammals
1816	NC_020667	Mammals
1817	NC_027243	Mammals
1818	NC_018060	Mammals
1819	NC_018598	Mammals
1820	NC_020733	Mammals
1821	NC_020732	Mammals
1822	NC_010497	Mammals
1823	NC_012681	Mammals
1824	NC_022428	Mammals
1825	NC_006523	Mammals
1826	NC_020709	Mammals
1827	NC_020739	Mammals
1828	NC_028317	Mammals
1829	NC_009691	Mammals
1830	NC_011579	Mammals
1831	NC_020619	Mammals
1832	NC_020627	Mammals
1833	NC_020766	Mammals
1834	NC_020750	Mammals
1835	NC_020717	Mammals
1836	NC_021953	Mammals
1837	NC_020629	Mammals
1838	NC_020701	Mammals
1839	NC_002746	Mammals
1840	NC_013069	Mammals
1841	NC_002521	Mammals
1842	NC_012058	Mammals
1843	NC_018367	Mammals
1844	NC_028318	Mammals
1845	NC_025269	Mammals
1846	NC_008220	Mammals
1847	NC_026443	Mammals
1848	NC_011821	Mammals
1849	NC_007703	Mammals
1850	NC_028321	Mammals
1851	NC_020687	Mammals
1852	NC_020708	Mammals
1853	NC_028319	Mammals
1854	NC_010300	Mammals
1855	NC_008431	Mammals
1856	NC_020669	Mammals
1857	NC_028573	Mammals
1858	NC_014453	Mammals
1859	NC_008491	Mammals
1860	NC_026529	Mammals
1861	NC_023965	Mammals
1862	NC_012062	Mammals
1863	NC_021954	Mammals
1864	NC_025550	Mammals
1865	NC_001321	Mammals
1866	NC_024259	Mammals
1867	NC_027935	Mammals
1868	NC_003426	Mammals
1869	NC_015484	Mammals
1870	NC_018788	Mammals
1871	NC_013276	Mammals
1872	NC_028577	Mammals
1873	NC_020720	Mammals
1874	NC_002658	Mammals
1875	NC_014864	Mammals
1876	NC_026442	Mammals
1877	NC_009628	Mammals
1878	NC_006931	Mammals
1879	NC_008216	Mammals
1880	NC_011137	Mammals
1881	NC_026456	Mammals
1882	NC_020639	Mammals
1883	AC_000022	Mammals
1884	NC_001794	Mammals
1885	NC_003428	Mammals
1886	NC_030330	Mammals
1887	NC_020616	Mammals
1888	NC_005034	Mammals
1889	NC_010339	Mammals
1890	NC_028301	Mammals
1891	NC_028501	Mammals
1892	NC_020721	Mammals
1893	NC_028564	Mammals
1894	NC_025670	Mammals
1895	NC_020705	Mammals
1896	NC_020753	Mammals
1897	NC_005358	Mammals
1898	NC_002080	Mammals
1899	NC_020657	Mammals
1900	NC_020759	Mammals
1901	NC_028568	Mammals
1902	NC_002763	Mammals
1903	NC_019799	Mammals
1904	NC_021974	Mammals
1905	NC_010298	Mammals
1906	NC_023838	Mammals
1907	NC_027932	Mammals
1908	NC_020700	Mammals
1909	NC_020749	Mammals
1910	NC_025221	Mammals
1911	NC_018062	Mammals
1912	NC_028299	Mammals
1913	NC_020737	Mammals
1914	NC_020746	Mammals
1915	NC_020756	Mammals
1916	NC_021957	Mammals
1917	NC_005274	Mammals
1918	NC_020638	Mammals
1919	NC_027449	Mammals
1920	NC_008137	Mammals
1921	NC_010638	Mammals
1922	NC_027244	Mammals
1923	NC_020693	Mammals
1924	NC_008830	Mammals
1925	NC_028570	Mammals
1926	NC_001646	Mammals
1927	NC_018783	Mammals
1928	NC_020745	Mammals
1929	NC_010299	Mammals
1930	NC_006516	Mammals
1931	NC_012761	Mammals
1932	NC_020748	Mammals
1933	NC_029422	Mammals
1934	NC_006835	Mammals
1935	NC_020727	Mammals
1936	NC_015529	Mammals
1937	NC_008215	Mammals
1938	NC_005943	Mammals
1939	NC_018115	Mammals
1940	NC_023543	Mammals
1941	NC_019584	Mammals
1942	NC_002631	Mammals
1943	NC_004921	Mammals
1944	NC_028307	Mammals
1945	NC_025201	Mammals
1946	NC_006926	Mammals
1947	NC_020692	Mammals
1948	NC_020010	Mammals
1949	NC_029191	Mammals
1950	NC_023089	Mammals
1951	NC_012771	Mammals
1952	NC_015112	Mammals
1953	NC_024051	Mammals
1954	NC_023211	Mammals
1955	NC_024042	Mammals
1956	NC_023542	Mammals
1957	NC_009692	Mammals
1958	NC_020646	Mammals
1959	NC_016470	Mammals
1960	NC_007393	Mammals
1961	NC_028572	Mammals
1962	NC_020432	Mammals
1963	NC_006928	Mammals
1964	NC_012102	Mammals
1965	NC_016427	Mammals
1966	NC_020734	Mammals
1967	NC_027083	Mammals
1968	NC_008424	Mammals
1969	NC_028308	Mammals
1970	NC_023351	Mammals
1971	NC_018780	Mammals
1972	NC_029888	Mammals
1973	NC_022429	Mammals
1974	NC_029939	Mammals
1975	NC_002391	Mammals
1976	NC_006380	Mammals
1977	NC_008064	Mammals
1978	NC_026064	Mammals
1979	NC_020009	Mammals
1980	NC_006993	Mammals
1981	NC_019441	Mammals
1982	NC_023100	Mammals
1983	NC_023368	Mammals
1984	NC_028592	Mammals
1985	NC_020658	Mammals
1986	NC_004577	Mammals
1987	NC_024538	Mammals
1988	NC_005434	Mammals
1989	NC_023950	Mammals
1990	NC_028150	Mammals
1991	NC_008425	Mammals
1992	NC_033347	Mammals
1993	NC_023541	Mammals
1994	NC_029342	Mammals
1995	NC_018603	Mammals
1996	NC_009331	Mammals
1997	NC_020715	Mammals
1998	NC_020648	Mammals
1999	NC_024819	Mammals
2000	DQ333819	Amphibians
2001	KJ815050	Amphibians
2002	KY885249	Amphibians
2003	NC_027072	Amphibians
2004	NC_023341	Amphibians
2005	KF540157	Amphibians
2006	KJ627182	Amphibians
2007	KM035413	Amphibians
2008	NC_044877	Amphibians
2009	DQ333808	Amphibians
2010	DQ333817	Amphibians
2011	NC_032320	Amphibians
2012	KX619450	Amphibians
2013	KM247364	Amphibians
2014	KY752074	Amphibians
2015	NC_030333	Amphibians
2016	GU384690	Amphibians
2017	NC_032335	Amphibians
2018	NC_044873	Amphibians
2019	NC_032313	Amphibians
2020	KX094979	Amphibians
2021	MF953479	Amphibians
2022	KT972718	Amphibians
2023	KU127230	Amphibians
2024	NC_037854	Amphibians
2025	GQ368660	Amphibians
2026	KX298241	Amphibians
2027	EU880333	Amphibians
2028	JX508744	Amphibians
2029	MH972198	Amphibians
2030	MN241431	Amphibians
2031	NC_008085	Amphibians
2032	NC_007440	Amphibians
2033	KX233864	Amphibians
2034	EU880329	Amphibians
2035	LC538211	Amphibians
2036	MF673131	Amphibians
2037	HM991333	Amphibians
2038	EU880316	Amphibians
2039	NC_032325	Amphibians
2040	MH141597	Amphibians
2041	NC_045110	Amphibians
2042	JX878885	Amphibians
2043	NC_032354	Amphibians
2044	KF540152	Amphibians
2045	EU880312	Amphibians
2046	JX508739	Amphibians
2047	AY789013	Amphibians
2048	GU078471	Amphibians
2049	NC_032317	Amphibians
2050	KY829114	Amphibians
2051	DQ333816	Amphibians
2052	JX508748	Amphibians
2053	KR349313	Amphibians
2054	JX508743	Amphibians
2055	KC196066	Amphibians
2056	NC_006402	Amphibians
2057	KT878719	Amphibians
2058	GQ368657	Amphibians
2059	NC_032314	Amphibians
2060	AB689008	Amphibians
2061	KX298240	Amphibians
2062	AB777217	Amphibians
2063	EU880307	Amphibians
2064	JX508762	Amphibians
2065	NC_032311	Amphibians
2066	GQ244466	Amphibians
2067	KY399474	Amphibians
2068	FJ432700	Amphibians
2069	NC_032331	Amphibians
2070	KP281272	Amphibians
2071	KY744236	Amphibians
2072	NC_032356	Amphibians
2073	KF956111	Amphibians
2074	KP289200	Amphibians
2075	KP979646	Amphibians
2076	EU880318	Amphibians
2077	AY728232	Amphibians
2078	KT285802	Amphibians
2079	KC686711	Amphibians
2080	KP013110	Amphibians
2081	MN427892	Amphibians
2082	NC_044876	Amphibians
2083	NC_032347	Amphibians
2084	KU255459	Amphibians
2085	JX508754	Amphibians
2086	KF199146	Amphibians
2087	AY728212	Amphibians
2088	KY441640	Amphibians
2089	KP260928	Amphibians
2090	NC_044882	Amphibians
2091	DQ333822	Amphibians
2092	AY458594	Amphibians
2093	EU880314	Amphibians
2094	KP814009	Amphibians
2095	KT750963	Amphibians
2096	HQ697276	Amphibians
2097	JQ692869	Amphibians
2098	AB208679	Amphibians
2099	NC_044869	Amphibians
2100	NC_032308	Amphibians
2101	KU297946	Amphibians
2102	KJ941041	Amphibians
2103	KJ546429	Amphibians
2104	KP013096	Amphibians
2105	KF540158	Amphibians
2106	EF201847	Amphibians
2107	NC_032359	Amphibians
2108	NC_030054	Amphibians
2109	KX233869	Amphibians
2110	AY728229	Amphibians
2111	GU078472	Amphibians
2112	AY659993	Amphibians
2113	DQ333811	Amphibians
2114	FJ594965	Amphibians
2115	GQ244464	Amphibians
2116	NC_006336	Amphibians
2117	JN415127	Amphibians
2118	NC_044883	Amphibians
2119	HQ697279	Amphibians
2120	NC_049862	Amphibians
2121	EU880335	Amphibians
2122	JX181763	Amphibians
2123	AY728225	Amphibians
2124	HQ456771	Amphibians
2125	AY458595	Amphibians
2126	HQ324232	Amphibians
2127	AY728235	Amphibians
2128	NC_032344	Amphibians
2129	KF898355	Amphibians
2130	JX155859	Amphibians
2131	KX298242	Amphibians
2132	MG770308	Amphibians
2133	JX508741	Amphibians
2134	KJ569109	Amphibians
2135	JX893183	Amphibians
2136	EU880330	Amphibians
2137	EU880308	Amphibians
2138	KX233867	Amphibians
2139	JX508751	Amphibians
2140	KP013091	Amphibians
2141	KP732086	Amphibians
2142	KF540164	Amphibians
2143	MH087467	Amphibians
2144	NC_032068	Amphibians
2145	MK512368	Amphibians
2146	KU310893	Amphibians
2147	EU880341	Amphibians
2148	EU880323	Amphibians
2149	MN733918	Amphibians
2150	KU680791	Amphibians
2151	KP728257	Amphibians
2152	AY728222	Amphibians
2153	NC_008078	Amphibians
2154	DQ333809	Amphibians
2155	AB043889	Amphibians
2156	NC_032305	Amphibians
2157	JX893178	Amphibians
2158	AY954505	Amphibians
2159	JX508749	Amphibians
2160	KU246048	Amphibians
2161	JX893177	Amphibians
2162	JX893173	Amphibians
2163	KY463521	Amphibians
2164	EF462213	Amphibians
2165	KF199147	Amphibians
2166	KF540163	Amphibians
2167	EU880309	Amphibians
2168	KT899979	Amphibians
2169	AF154053	Amphibians
2170	MF496241	Amphibians
2171	MF037878	Amphibians
2172	NC_044867	Amphibians
2173	NC_006346	Amphibians
2174	KT601071	Amphibians
2175	KP260931	Amphibians
2176	JX508740	Amphibians
2177	MG772558	Amphibians
2178	JF703230	Amphibians
2179	KM677928	Amphibians
2180	DQ333815	Amphibians
2181	KU760082	Amphibians
2182	HM991335	Amphibians
2183	NC_037379	Amphibians
2184	JN089398	Amphibians
2185	NC_008091	Amphibians
2186	MK867845	Amphibians
2187	NC_044878	Amphibians
2188	HQ697275	Amphibians
2189	KF898356	Amphibians
2190	KP814010	Amphibians
2191	KP682314	Amphibians
2192	AF154051	Amphibians
2193	KX757918	Amphibians
2194	KX854020	Amphibians
2195	HQ697273	Amphibians
2196	JX155858	Amphibians
2197	JX508753	Amphibians
2198	JX508758	Amphibians
2199	GQ368661	Amphibians
2200	AY954504	Amphibians
2201	KY609177	Amphibians
2202	HQ456774	Amphibians
2203	KU255458	Amphibians
2204	NC_032326	Amphibians
2205	EU880328	Amphibians
2206	AY458592	Amphibians
2207	NC_032316	Amphibians
2208	AY585339	Amphibians
2209	EU880320	Amphibians
2210	AY728228	Amphibians
2211	NC_032348	Amphibians
2212	NC_006333	Amphibians
2213	GQ244474	Amphibians
2214	JX893175	Amphibians
2215	KJ630505	Amphibians
2216	JX893172	Amphibians
2217	AY728218	Amphibians
2218	NC_027236	Amphibians
2219	KT878718	Amphibians
2220	HM104684	Amphibians
2221	NC_032309	Amphibians
2222	KT949346	Amphibians
2223	JQ929920	Amphibians
2224	AY728227	Amphibians
2225	EU880340	Amphibians
2226	NC_032319	Amphibians
2227	KJ149452	Amphibians
2228	NC_044871	Amphibians
2229	DQ333820	Amphibians
2230	NC_032312	Amphibians
2231	KY463520	Amphibians
2232	MH536744	Amphibians
2233	NC_006344	Amphibians
2234	JX893180	Amphibians
2235	AB511282	Amphibians
2236	NC_032350	Amphibians
2237	MH727696	Amphibians
2238	KM386618	Amphibians
2239	KU641020	Amphibians
2240	KU310894	Amphibians
2241	AB202078	Amphibians
2242	AY659995	Amphibians
2243	KX056491	Amphibians
2244	MG822788	Amphibians
2245	AB127977	Amphibians
2246	KR136211	Amphibians
2247	JF730436	Amphibians
2248	HM036354	Amphibians
2249	NC_037377	Amphibians
2250	NC_027452	Amphibians
2251	KP260930	Amphibians
2252	KP013111	Amphibians
2253	NC_032310	Amphibians
2254	AJ492192	Amphibians
2255	NC_032307	Amphibians
2256	NC_022696	Amphibians
2257	MK460224	Amphibians
2258	AB212225	Amphibians
2259	AY728217	Amphibians
2260	KF540147	Amphibians
2261	KY398015	Amphibians
2262	EU880322	Amphibians
2263	KP317482	Amphibians
2264	AY728216	Amphibians
2265	NC_006341	Amphibians
2266	AY585338	Amphibians
2267	JF703228	Amphibians
2268	NC_030605	Amphibians
2269	KT373904	Amphibians
2270	KF840516	Amphibians
2271	AY728221	Amphibians
2272	AY458593	Amphibians
2273	EU880317	Amphibians
2274	EF196679	Amphibians
2275	MH571152	Amphibians
2276	NC_006338	Amphibians
2277	DQ333821	Amphibians
2278	NC_032346	Amphibians
2279	NC_032110	Amphibians
2280	NC_032327	Amphibians
2281	KU321581	Amphibians
2282	MK855099	Amphibians
2283	KF540156	Amphibians
2284	FJ532060	Amphibians
2285	EU880332	Amphibians
2286	AY728233	Amphibians
2287	EU880311	Amphibians
2288	HM036352	Amphibians
2289	KP013120	Amphibians
2290	KF540159	Amphibians
2291	NC_032322	Amphibians
2292	NC_023342	Amphibians
2293	KF540154	Amphibians
2294	AB303363	Amphibians
2295	EU880331	Amphibians
2296	AP014695	Amphibians
2297	AY728230	Amphibians
2298	KF540151	Amphibians
2299	KF199150	Amphibians
2300	EU880336	Amphibians
2301	NC_032329	Amphibians
2302	HQ697274	Amphibians
2303	KT223827	Amphibians
2304	MF461428	Amphibians
2305	JX508761	Amphibians
2306	DQ333813	Amphibians
2307	KP260934	Amphibians
2308	GQ244473	Amphibians
2309	JQ929922	Amphibians
2310	KT119359	Amphibians
2311	NC_006407	Amphibians
2312	EU880321	Amphibians
2313	AB303949	Amphibians
2314	JF703234	Amphibians
2315	NC_044881	Amphibians
2316	AY659994	Amphibians
2317	KF199148	Amphibians
2318	NC_032342	Amphibians
2319	AY728219	Amphibians
2320	JX508763	Amphibians
2321	HM991334	Amphibians
2322	KT191129	Amphibians
2323	AY456252	Amphibians
2324	NC_006327	Amphibians
2325	KM035412	Amphibians
2326	HM991331	Amphibians
2327	KU720300	Amphibians
2328	FJ532058	Amphibians
2329	KU096847	Amphibians
2330	AY458598	Amphibians
2331	KX774468	Amphibians
2332	NC_032340	Amphibians
2333	MN937258	Amphibians
2334	NC_044886	Amphibians
2335	NC_032330	Amphibians
2336	MH087466	Amphibians
2337	MF770485	Amphibians
2338	KP212702	Amphibians
2339	AY899242	Amphibians
2340	KX233865	Amphibians
2341	NC_029754	Amphibians
2342	KR733683	Amphibians
2343	HQ697280	Amphibians
2344	MK687567	Amphibians
2345	AB777218	Amphibians
2346	NC_006339	Amphibians
2347	FJ532059	Amphibians
2348	NC_032336	Amphibians
2349	NC_037382	Amphibians
2350	KF540153	Amphibians
2351	HQ697278	Amphibians
2352	GU177877	Amphibians
2353	JX508764	Amphibians
2354	NC_043955	Amphibians
2355	KR071859	Amphibians
2356	GQ244471	Amphibians
2357	MF538787	Amphibians
2358	KJ627181	Amphibians
2359	EU880327	Amphibians
2360	JX893182	Amphibians
2361	HM036356	Amphibians
2362	JX893181	Amphibians
2363	NC_032334	Amphibians
2364	EU880339	Amphibians
2365	AY728215	Amphibians
2366	NC_044870	Amphibians
2367	NC_044868	Amphibians
2368	AP011544	Amphibians
2369	NC_044872	Amphibians
2370	NC_007440_2	Amphibians
2371	KP260932	Amphibians
2372	KF199152	Amphibians
2373	KU246049	Amphibians
2374	NC_044901	Amphibians
2375	NC_006342	Amphibians
2376	NC_032070	Amphibians
2377	HM142901	Amphibians
2378	GU078469	Amphibians
2379	KY418068	Amphibians
2380	NC_032339	Amphibians
2381	AY158705	Amphibians
2382	DQ835616	Amphibians
2383	AJ584639	Amphibians
2384	KM587710	Amphibians
2385	NC_001573	Amphibians
2386	KF540162	Amphibians
2387	DQ333814	Amphibians
2388	AY585337	Amphibians
2389	DQ333818	Amphibians
2390	KF199149	Amphibians
2391	NC_037856	Amphibians
2392	KU320632	Amphibians
2393	NC_006405	Amphibians
2394	KF540148	Amphibians
2395	NC_037378	Amphibians
2396	JX508750	Amphibians
2397	KJ933509	Amphibians
2398	NC_032338	Amphibians
2399	NC_032337	Amphibians
2400	NC_032315	Amphibians
2401	KU958559	Amphibians
2402	NC_037855	Amphibians
2403	KM247361	Amphibians
2404	MG962359	Amphibians
2405	DQ512876	Amphibians
2406	KP814011	Amphibians
2407	AY456254	Amphibians
2408	NC_032333	Amphibians
2409	EU880313	Amphibians
2410	JX508747	Amphibians
2411	AY456251	Amphibians
2412	AB761267	Amphibians
2413	NC_032328	Amphibians
2414	KJ842105	Amphibians
2415	KT964710	Amphibians
2416	KR154461	Amphibians
2417	NC_006326	Amphibians
2418	AY728214	Amphibians
2419	KU246050	Amphibians
2420	KF540155	Amphibians
2421	KF540146	Amphibians
2422	NC_032318	Amphibians
2423	EU880324	Amphibians
2424	NC_032323	Amphibians
2425	HM036353	Amphibians
2426	NC_044875	Amphibians
2427	NC_020649	Amphibians
2428	NC_008090	Amphibians
2429	AY954506	Amphibians
2430	EU880326	Amphibians
2431	KY594708	Amphibians
2432	EU652694	Amphibians
2433	NC_045210	Amphibians
2434	JF703231	Amphibians
2435	AY659991	Amphibians
2436	EU880338	Amphibians
2437	NC_028184	Amphibians
2438	HQ697272	Amphibians
2439	GU078470	Amphibians
2440	NC_011049	Amphibians
2441	JF703233	Amphibians
2442	JX508759	Amphibians
2443	EU880310	Amphibians
2444	NC_032358	Amphibians
2445	GQ244472	Amphibians
2446	NC_032341	Amphibians
2447	NC_032069	Amphibians
2448	AJ871086	Amphibians
2449	KP814012	Amphibians
2450	EU880319	Amphibians
2451	MK855100	Amphibians
2452	NC_044874	Amphibians
2453	JX893174	Amphibians
2454	NC_044879	Amphibians
2455	JX508745	Amphibians
2456	NC_008080	Amphibians
2457	AY728234	Amphibians
2458	AY458591	Amphibians
2459	NC_044885	Amphibians
2460	AY971143	Amphibians
2461	JX508760	Amphibians
2462	JX508765	Amphibians
2463	DQ275350	Amphibians
2464	NC_032306	Amphibians
2465	DQ333810	Amphibians
2466	JX033120	Amphibians
2467	AY899241	Amphibians
2468	NC_018776	Amphibians
2469	KF974475	Amphibians
2470	AY728220	Amphibians
2471	GQ244467	Amphibians
2472	AB761264	Amphibians
2473	HM991332	Amphibians
2474	NC_032360	Amphibians
2475	KP233806	Amphibians
2476	JQ710885	Amphibians
2477	JX508755	Amphibians
2478	JF703229	Amphibians
2479	NC_006332	Amphibians
2480	NC_032355	Amphibians
2481	KF540160	Amphibians
2482	EU115993	Amphibians
2483	NC_044884	Amphibians
2484	AB761265	Amphibians
2485	NC_032332	Amphibians
2486	NC_006335	Amphibians
2487	GQ368659	Amphibians
2488	KF798195	Amphibians
2489	NC_037857	Amphibians
2490	HQ697277	Amphibians
2491	GQ368658	Amphibians
2492	KT588071	Amphibians
2493	AY728231	Amphibians
2494	JX508757	Amphibians
2495	KU343216	Amphibians
2496	NC_032357	Amphibians
2497	NC_032324	Amphibians
2498	KM271781	Amphibians
2499	KF540149	Amphibians
