	sequence_id	cluster_id
0	KY945352	Cypriniformes
1	AP011298	Cypriniformes
2	MW007386	Cypriniformes
3	KX781320	Cypriniformes
4	KM017732	Cypriniformes
5	AP011444	Cypriniformes
6	KT213594	Cypriniformes
7	AP011322	Cypriniformes
8	KF739398	Cypriniformes
9	KT213587	Cypriniformes
10	AP011448	Cypriniformes
11	NC_026528	Cypriniformes
12	NC_018043	Cypriniformes
13	KY851112	Cypriniformes
14	KY352773	Cypriniformes
15	NC_037008	Cypriniformes
16	AP011228	Cypriniformes
17	AP011291	Cypriniformes
18	JQ686729	Cypriniformes
19	NC_008676	Cypriniformes
20	KT213585	Cypriniformes
21	KF765805	Cypriniformes
22	MN709617	Cypriniformes
23	KP749475	Cypriniformes
24	NC_031617	Cypriniformes
25	NC_027663	Cypriniformes
26	KP025676	Cypriniformes
27	KJ476998	Cypriniformes
28	KM079630	Cypriniformes
29	AP012155	Cypriniformes
30	NC_006136	Cypriniformes
31	NC_031548	Cypriniformes
32	KT991436	Cypriniformes
33	NC_029444	Cypriniformes
34	KT213605	Cypriniformes
35	NC_031582	Cypriniformes
36	KY131976	Cypriniformes
37	NC_045224	Cypriniformes
38	NC_030521	Cypriniformes
39	AP013326	Cypriniformes
40	NC_026870	Cypriniformes
41	JX155734	Cypriniformes
42	AB242172	Cypriniformes
43	AP011237	Cypriniformes
44	NC_023947	Cypriniformes
45	AP012061	Cypriniformes
46	AY366087	Cypriniformes
47	HQ401008	Cypriniformes
48	NC_017890	Cypriniformes
49	KT213586	Cypriniformes
50	NC_026973	Cypriniformes
51	KF386025	Cypriniformes
52	NC_031378	Cypriniformes
53	NC_031640	Cypriniformes
54	NC_033947	Cypriniformes
55	MF579258	Cypriniformes
56	KT122845	Cypriniformes
57	KC161586	Cypriniformes
58	KF669394	Cypriniformes
59	MT157616	Cypriniformes
60	KP319024	Cypriniformes
61	AP013308	Cypriniformes
62	NC_031584	Cypriniformes
63	AB242169	Cypriniformes
64	KR349175	Cypriniformes
65	NC_024621	Cypriniformes
66	MH713708	Cypriniformes
67	NC_020338	Cypriniformes
68	NC_037403	Cypriniformes
69	AB242165	Cypriniformes
70	NC_036741	Cypriniformes
71	JX135578	Cypriniformes
72	KP691029	Cypriniformes
73	NC_004695	Cypriniformes
74	AP012121	Cypriniformes
75	AP010778	Cypriniformes
76	KT906089	Cypriniformes
77	NC_029441	Cypriniformes
78	MF443766	Cypriniformes
79	NC_022934	Cypriniformes
80	KT367805	Cypriniformes
81	KF113878	Cypriniformes
82	GQ903707	Cypriniformes
83	NC_033972	Cypriniformes
84	JN105356	Cypriniformes
85	KP407138	Cypriniformes
86	KP297875	Cypriniformes
87	JQ087872	Cypriniformes
88	KU668572	Cypriniformes
89	KY971608	Cypriniformes
90	AP011346	Cypriniformes
91	KX447641	Cypriniformes
92	NC_046462	Cypriniformes
93	MG570414	Cypriniformes
94	AY526869	Cypriniformes
95	DQ536432	Cypriniformes
96	NC_037183	Cypriniformes
97	AP011441	Cypriniformes
98	MG570424	Cypriniformes
99	KJ909660	Cypriniformes
100	FJ605359	Cypriniformes
101	MG570456	Cypriniformes
102	JQ911695	Cypriniformes
103	AP010782	Cypriniformes
104	KU896992	Cypriniformes
105	AP009317	Cypriniformes
106	NC_022858	Cypriniformes
107	NC_008670	Cypriniformes
108	MH136825	Cypriniformes
109	KM393223	Cypriniformes
110	NC_030483	Cypriniformes
111	GU086397	Cypriniformes
112	NC_034917	Cypriniformes
113	MG650171	Cypriniformes
114	AP013306	Cypriniformes
115	KR062067	Cypriniformes
116	NC_028596	Cypriniformes
117	AP011377	Cypriniformes
118	MN841275	Cypriniformes
119	NC_022949	Cypriniformes
120	NC_026526	Siluriformes
121	AP012024	Siluriformes
122	KT239010	Siluriformes
123	MK134689	Siluriformes
124	NC_022923	Siluriformes
125	KY930718	Siluriformes
126	NC_037193	Siluriformes
127	KC768227	Siluriformes
128	KU213641	Siluriformes
129	NC_042721	Siluriformes
130	NC_026846	Siluriformes
131	KP872693	Siluriformes
132	NC_015888	Siluriformes
133	NC_024279	Siluriformes
134	KJ458934	Siluriformes
135	KP255959	Siluriformes
136	AP006767	Siluriformes
137	NC_025584	Siluriformes
138	NC_039896	Siluriformes
139	NC_028512	Siluriformes
140	NC_015827	Siluriformes
141	MF621727	Siluriformes
142	KJ496299	Siluriformes
143	KP872694	Siluriformes
144	DQ321752	Siluriformes
145	NC_003489	Siluriformes
146	NC_028175	Siluriformes
147	KC193779	Siluriformes
148	NC_015833	Siluriformes
149	AP012022	Siluriformes
150	MK348534	Siluriformes
151	NC_033859	Siluriformes
152	MF804392	Siluriformes
153	JF834542	Siluriformes
154	MK181572	Siluriformes
155	NC_023924	Siluriformes
156	JX867257	Siluriformes
157	NC_027107	Siluriformes
158	NC_039561	Siluriformes
159	NC_021122	Siluriformes
160	NC_020344	Siluriformes
161	JQ026260	Siluriformes
162	KF670723	Siluriformes
163	MF621729	Siluriformes
164	KF514425	Siluriformes
165	MH460877	Siluriformes
166	KY230517	Siluriformes
167	JX087350	Siluriformes
168	KP872682	Siluriformes
169	MG570461	Siluriformes
170	CM010854	Siluriformes
171	NC_022725	Siluriformes
172	NC_021394	Siluriformes
173	NC_014859	Siluriformes
174	MG570460	Siluriformes
175	MN641874	Siluriformes
176	NC_045214	Siluriformes
177	NC_015749	Siluriformes
178	KP090205	Siluriformes
179	NC_021600	Siluriformes
180	MG587041	Siluriformes
181	NC_026544	Siluriformes
182	JQ734476	Siluriformes
183	KJ496300	Siluriformes
184	KX164404	Siluriformes
185	NC_041443	Siluriformes
186	AP006768	Siluriformes
187	MN396887	Siluriformes
188	HM355585	Siluriformes
189	KP872697	Siluriformes
190	NC_049095	Siluriformes
191	KJ494387	Siluriformes
192	KC572134	Siluriformes
193	MF583740	Siluriformes
194	NC_030538	Siluriformes
195	NC_023976	Siluriformes
196	NC_029160	Siluriformes
197	KT983411	Siluriformes
198	MT396945	Siluriformes
199	NC_049096	Siluriformes
200	KX347977	Siluriformes
201	NC_039895	Siluriformes
202	JQ714035	Siluriformes
203	KP872684	Siluriformes
204	NC_046749	Siluriformes
205	KU160626	Siluriformes
206	KT809508	Siluriformes
207	JF895472	Siluriformes
208	NC_030188	Siluriformes
209	KY710750	Siluriformes
210	NC_039894	Siluriformes
211	KC572135	Siluriformes
212	NC_021407	Siluriformes
213	NC_015745	Siluriformes
214	KY767672	Siluriformes
215	NC_049098	Siluriformes
216	MF621721	Siluriformes
217	NC_015809	Siluriformes
218	JQ026250	Siluriformes
219	MN807278	Siluriformes
220	KP090204	Siluriformes
221	KM577633	Siluriformes
222	NC_039702	Siluriformes
223	KP872690	Siluriformes
224	NC_021608	Siluriformes
225	NC_021605	Siluriformes
226	MH324424	Siluriformes
227	MN082047	Siluriformes
228	NC_014261	Siluriformes
229	KR075136	Siluriformes
230	KT202282	Siluriformes
231	KP872686	Siluriformes
232	JQ343984	Siluriformes
233	NC_015837	Siluriformes
234	MK617319	Siluriformes
235	NC_015743	Siluriformes
236	MN096580	Siluriformes
237	MG570465	Siluriformes
238	CM018571	Siluriformes
239	NC_045188	Siluriformes
240	NC_037715	Characiformes
241	NC_026195	Characiformes
242	NC_044970	Characiformes
243	NC_026873	Characiformes
244	KM245046	Characiformes
245	MH358336	Characiformes
246	KP013092	Characiformes
247	NC_015750	Characiformes
248	AB054129	Characiformes
249	KX609386	Characiformes
250	AP011987	Characiformes
251	KY358755	Characiformes
252	AP011994	Characiformes
253	AP011982	Characiformes
254	NC_025767	Characiformes
255	MF805815	Characiformes
256	KJ993871	Characiformes
257	KU523584	Characiformes
258	MT428071	Characiformes
259	NC_034281	Characiformes
260	AP011988	Characiformes
261	NC_031380	Characiformes
262	AP011983	Characiformes
263	MH636341	Characiformes
264	NC_050876	Characiformes
265	KU980144	Characiformes
266	AP011981	Characiformes
267	NC_015753	Characiformes
268	MT428074	Characiformes
269	MH358335	Characiformes
270	NC_015816	Characiformes
271	NC_028279	Characiformes
272	MF805814	Characiformes
273	AP006766	Characiformes
274	KM245045	Characiformes
275	KM245047	Characiformes
276	MT769327	Characiformes
277	NC_039114	Characiformes
278	NC_025315	Characiformes
279	AP012000	Characiformes
280	KM245044	Characiformes
281	NC_015805	Characiformes
282	NC_024940	Characiformes
283	AP006765	Characiformes
284	NC_027946	Characiformes
285	KP025764	Characiformes
286	NC_024938	Characiformes
287	NC_015755	Characiformes
288	KR014816	Characiformes
289	AB861475	Characiformes
290	AB054130	Characiformes
291	LC074360	Characiformes
292	MH921292	Characiformes
293	NC_039115	Characiformes
294	MH668154	Characiformes
295	AB898197	Characiformes
296	MT428068	Characiformes
297	NC_015751	Characiformes
298	AB070207	Characiformes
299	NC_004700	Characiformes
300	KY358756	Characiformes
301	KY825192	Characiformes
302	AP011991	Characiformes
303	NC_043904	Characiformes
304	KY825189	Characiformes
305	AP011993	Characiformes
306	NC_024941	Characiformes
307	KY358754	Characiformes
308	NC_015801	Characiformes
309	AP011997	Characiformes
310	MT428073	Characiformes
311	NC_037712	Characiformes
312	NC_015836	Characiformes
313	KY296449	Characiformes
314	NC_024939	Characiformes
315	MT428069	Characiformes
316	AP011992	Characiformes
317	KR014817	Characiformes
318	NC_042882	Characiformes
319	NC_039113	Characiformes
320	KP025763	Characiformes
321	AP011995	Characiformes
322	KP188830	Characiformes
323	KM886569	Characiformes
324	NC_033860	Characiformes
325	NC_015834	Characiformes
326	NC_025951	Characiformes
327	AP011998	Characiformes
328	KP027535	Characiformes
329	AP011996	Characiformes
330	NC_015840	Characiformes
331	MT185596	Characiformes
332	KM677190	Characiformes
333	KT783482	Characiformes
334	NC_022724	Characiformes
335	AP011999	Characiformes
336	KM435146	Characiformes
337	MH998225	Characiformes
338	AP011986	Characiformes
339	AP011989	Characiformes
340	AP011985	Characiformes
341	KY825190	Characiformes
342	MK263671	Characiformes
343	NC_015752	Characiformes
344	NC_027690	Characiformes
345	NC_015813	Characiformes
346	AB070242	Characiformes
347	MH358334	Characiformes
348	MT428072	Characiformes
349	NC_015819	Characiformes
350	MN861079	Characiformes
351	NC_034945	Characiformes
352	MT428070	Characiformes
353	NC_025950	Characiformes
354	MT428067	Characiformes
355	NC_027689	Characiformes
356	KY358753	Characiformes
357	CM026751	Characiformes
358	NC_044969	Characiformes
359	NC_004699	Characiformes
360	KY825191	Characiformes
361	AP011990	Characiformes
362	AP011984	Characiformes
