	sequence_id	cluster_id
0	MH035558	Paracanthopterygii
1	MH035518	Paracanthopterygii
2	MH035554	Paracanthopterygii
3	KX267019	Paracanthopterygii
4	KX266978	Paracanthopterygii
5	KX267071	Paracanthopterygii
6	MH061053	Paracanthopterygii
7	AP004418	Paracanthopterygii
8	KX267044	Paracanthopterygii
9	MH035547	Paracanthopterygii
10	MH061080	Paracanthopterygii
11	AP004409	Paracanthopterygii
12	MH061099	Paracanthopterygii
13	KX267047	Paracanthopterygii
14	MT157320	Paracanthopterygii
15	KX266972	Paracanthopterygii
16	KY296294	Paracanthopterygii
17	NC_013875	Paracanthopterygii
18	MH061093	Paracanthopterygii
19	AB182306	Paracanthopterygii
20	MH061045	Paracanthopterygii
21	MH035532	Paracanthopterygii
22	MH061060	Paracanthopterygii
23	KX267006	Paracanthopterygii
24	MH035506	Paracanthopterygii
25	NC_016020	Paracanthopterygii
26	MH035555	Paracanthopterygii
27	NC_007396	Paracanthopterygii
28	NC_004449	Paracanthopterygii
29	MH061062	Paracanthopterygii
30	KX267023	Paracanthopterygii
31	KX267069	Paracanthopterygii
32	MH061092	Paracanthopterygii
33	MH035534	Paracanthopterygii
34	KX267088	Paracanthopterygii
35	MH035589	Paracanthopterygii
36	KX267068	Paracanthopterygii
37	NC_015094	Paracanthopterygii
38	MH035544	Paracanthopterygii
39	KX267073	Paracanthopterygii
40	KX267018	Paracanthopterygii
41	MH061084	Paracanthopterygii
42	KX266987	Paracanthopterygii
43	MH035535	Paracanthopterygii
44	AP004415	Paracanthopterygii
45	MH061063	Paracanthopterygii
46	AP004411	Paracanthopterygii
47	KX267054	Paracanthopterygii
48	NC_027436	Paracanthopterygii
49	NC_002081	Paracanthopterygii
50	MH035516	Paracanthopterygii
51	AP004408	Paracanthopterygii
52	MH035559	Paracanthopterygii
53	KX267045	Paracanthopterygii
54	AB182307	Paracanthopterygii
55	KX267064	Paracanthopterygii
56	KX266989	Paracanthopterygii
57	KX267058	Paracanthopterygii
58	KX267024	Paracanthopterygii
59	KX266980	Paracanthopterygii
60	DQ356936	Paracanthopterygii
61	KF751382	Paracanthopterygii
62	NC_006920	Paracanthopterygii
63	KX266981	Paracanthopterygii
64	KX267037	Paracanthopterygii
65	MH035543	Paracanthopterygii
66	NC_013871	Paracanthopterygii
67	KX267057	Paracanthopterygii
68	MH035562	Paracanthopterygii
69	KX267043	Paracanthopterygii
70	NC_004381	Paracanthopterygii
71	MH035501	Paracanthopterygii
72	NC_036988	Paracanthopterygii
73	AP004416	Paracanthopterygii
74	NC_013872	Paracanthopterygii
75	MH035591	Paracanthopterygii
76	KX267060	Paracanthopterygii
77	KX266988	Paracanthopterygii
78	MH035510	Paracanthopterygii
79	MH061089	Paracanthopterygii
80	KX266970	Paracanthopterygii
81	KX267086	Paracanthopterygii
82	KX266999	Paracanthopterygii
83	KX267076	Paracanthopterygii
84	KX267050	Paracanthopterygii
85	MH061077	Paracanthopterygii
86	NC_008225	Paracanthopterygii
87	NC_012323	Paracanthopterygii
88	KX267072	Paracanthopterygii
89	KX266984	Paracanthopterygii
90	MH061051	Paracanthopterygii
91	KX267004	Paracanthopterygii
92	MH061064	Paracanthopterygii
93	MH035538	Paracanthopterygii
94	MH035513	Paracanthopterygii
95	LS999102	Paracanthopterygii
96	LS999105	Paracanthopterygii
97	KX267020	Paracanthopterygii
98	NC_013867	Paracanthopterygii
99	MH035539	Paracanthopterygii
100	MH035548	Paracanthopterygii
101	KX267041	Paracanthopterygii
102	KX266991	Paracanthopterygii
103	NC_008224	Paracanthopterygii
104	AP006738	Paracanthopterygii
105	KX267034	Paracanthopterygii
106	NC_013866	Paracanthopterygii
107	MH035531	Paracanthopterygii
108	KX267016	Paracanthopterygii
109	KX267026	Paracanthopterygii
110	MH061088	Paracanthopterygii
111	MH035597	Paracanthopterygii
112	KX267031	Paracanthopterygii
113	MH061049	Paracanthopterygii
114	MH035504	Paracanthopterygii
115	NC_013864	Paracanthopterygii
116	MH035529	Paracanthopterygii
117	MH061050	Paracanthopterygii
118	KX267014	Paracanthopterygii
119	KX266979	Paracanthopterygii
120	MH035584	Paracanthopterygii
121	KX267085	Paracanthopterygii
122	MH035590	Paracanthopterygii
123	KX267075	Paracanthopterygii
124	MH035556	Paracanthopterygii
125	NC_010122	Paracanthopterygii
126	AP006739	Paracanthopterygii
127	MH061048	Paracanthopterygii
128	KX266985	Paracanthopterygii
129	KX267078	Paracanthopterygii
130	AP004417	Paracanthopterygii
131	MH035528	Paracanthopterygii
132	MH035527	Paracanthopterygii
133	KX267039	Paracanthopterygii
134	MH018252	Paracanthopterygii
135	MH061087	Paracanthopterygii
136	KX266994	Paracanthopterygii
137	KX266992	Paracanthopterygii
138	KX267025	Paracanthopterygii
139	MH035595	Paracanthopterygii
140	KX267087	Paracanthopterygii
141	KX267066	Paracanthopterygii
142	MH061076	Paracanthopterygii
143	KX266975	Paracanthopterygii
144	AB182304	Paracanthopterygii
145	MH061100	Paracanthopterygii
146	MH035599	Paracanthopterygii
147	MH035537	Paracanthopterygii
148	NC_013865	Paracanthopterygii
149	MH061095	Paracanthopterygii
150	MH035533	Paracanthopterygii
151	KX267013	Paracanthopterygii
152	KX267089	Paracanthopterygii
153	KX267082	Paracanthopterygii
154	AP004407	Paracanthopterygii
155	NC_036931	Paracanthopterygii
156	MH061065	Paracanthopterygii
157	KX267021	Paracanthopterygii
158	MK386892	Paracanthopterygii
159	KX267061	Paracanthopterygii
160	NC_004384	Paracanthopterygii
161	AP004403	Paracanthopterygii
162	NC_004379	Paracanthopterygii
163	MH035507	Paracanthopterygii
164	MH061082	Paracanthopterygii
165	KX267083	Paracanthopterygii
166	NC_013886	Paracanthopterygii
167	NC_015097	Paracanthopterygii
168	NC_013869	Paracanthopterygii
169	KX267040	Paracanthopterygii
170	KX267042	Paracanthopterygii
171	KX266996	Paracanthopterygii
172	NC_010121	Paracanthopterygii
173	KX267080	Paracanthopterygii
174	MH061071	Paracanthopterygii
175	AP002928	Paracanthopterygii
176	MH035524	Paracanthopterygii
177	NC_013870	Paracanthopterygii
178	AB182302	Paracanthopterygii
179	MH035511	Paracanthopterygii
180	LS999099	Paracanthopterygii
181	AP002929	Paracanthopterygii
182	AP004406	Paracanthopterygii
183	KX267053	Paracanthopterygii
184	NC_008124	Paracanthopterygii
185	MH035598	Paracanthopterygii
186	NC_007395	Paracanthopterygii
187	AB182300	Paracanthopterygii
188	KX267032	Paracanthopterygii
189	MH061052	Paracanthopterygii
190	KX267074	Paracanthopterygii
191	KX266971	Paracanthopterygii
192	NC_013882	Paracanthopterygii
193	LS997673	Paracanthopterygii
194	MH035522	Paracanthopterygii
195	KX267046	Paracanthopterygii
196	KX267049	Paracanthopterygii
197	MH061069	Paracanthopterygii
198	KX267084	Paracanthopterygii
199	KX267048	Paracanthopterygii
200	MN122852	Paracanthopterygii
201	KX266973	Paracanthopterygii
202	NC_008222	Paracanthopterygii
203	MN240767	Paracanthopterygii
204	MF994812	Paracanthopterygii
205	NC_013880	Paracanthopterygii
206	MH061078	Paracanthopterygii
207	MH035585	Paracanthopterygii
208	MH035530	Paracanthopterygii
209	MH035596	Paracanthopterygii
210	MH061091	Paracanthopterygii
211	MH061047	Paracanthopterygii
212	KX266969	Paracanthopterygii
213	KX267027	Paracanthopterygii
214	AB094061	Paracanthopterygii
215	MH035502	Paracanthopterygii
216	MH061075	Paracanthopterygii
217	NC_004382	Paracanthopterygii
218	MH061090	Paracanthopterygii
219	MH061072	Paracanthopterygii
220	MH061073	Paracanthopterygii
221	KX267003	Paracanthopterygii
222	KX267009	Paracanthopterygii
223	NC_004380	Paracanthopterygii
224	AP008990	Paracanthopterygii
225	KX267005	Paracanthopterygii
226	KX267079	Paracanthopterygii
227	NC_013873	Paracanthopterygii
228	NC_045206	Paracanthopterygii
229	MH061059	Paracanthopterygii
230	NC_004373	Paracanthopterygii
231	NC_015102	Paracanthopterygii
232	MH035601	Paracanthopterygii
233	MH061055	Paracanthopterygii
234	MH035604	Paracanthopterygii
235	NC_004375	Paracanthopterygii
236	KJ020931	Paracanthopterygii
237	MH035508	Paracanthopterygii
238	DQ020497	Paracanthopterygii
239	KX267017	Paracanthopterygii
240	NC_004376	Paracanthopterygii
241	MH061083	Paracanthopterygii
242	MH061085	Paracanthopterygii
243	LS999103	Paracanthopterygii
244	KX267015	Paracanthopterygii
245	MH061054	Paracanthopterygii
246	KX267067	Paracanthopterygii
247	MH035587	Paracanthopterygii
248	MH035603	Paracanthopterygii
249	KC193766	Clupeomorpha
250	NC_009585	Clupeomorpha
251	MK771830	Clupeomorpha
252	MG251953	Clupeomorpha
253	KC193703	Clupeomorpha
254	NC_014271	Clupeomorpha
255	MG251962	Clupeomorpha
256	KC193768	Clupeomorpha
257	NC_039553	Clupeomorpha
258	JX625133	Clupeomorpha
259	KC193743	Clupeomorpha
260	KC193775	Clupeomorpha
261	KC193732	Clupeomorpha
262	KU665488	Clupeomorpha
263	KC193767	Clupeomorpha
264	KC193746	Clupeomorpha
265	KC193714	Clupeomorpha
266	KC193744	Clupeomorpha
267	NC_006917	Clupeomorpha
268	KC193725	Clupeomorpha
269	MG251961	Clupeomorpha
270	KC193682	Clupeomorpha
271	AB032554	Clupeomorpha
272	MG251969	Clupeomorpha
273	NC_014690	Clupeomorpha
274	KC193753	Clupeomorpha
275	KC466693	Clupeomorpha
276	KF765500	Clupeomorpha
277	KC193686	Clupeomorpha
278	KC193733	Clupeomorpha
279	MT753445	Clupeomorpha
280	KC193731	Clupeomorpha
281	NC_021446	Clupeomorpha
282	KU360510	Clupeomorpha
283	MG251937	Clupeomorpha
284	MH732975	Clupeomorpha
285	MG251968	Clupeomorpha
286	NC_006919	Clupeomorpha
287	KC193683	Clupeomorpha
288	NC_042684	Clupeomorpha
289	NC_042728	Clupeomorpha
290	KC193712	Clupeomorpha
291	KC193736	Clupeomorpha
292	NC_015109	Clupeomorpha
293	MH613715	Clupeomorpha
294	KC193716	Clupeomorpha
295	MK144335	Clupeomorpha
296	NC_009579	Clupeomorpha
297	NC_035874	Clupeomorpha
298	KC193722	Clupeomorpha
299	MG570463	Clupeomorpha
300	NC_009578	Clupeomorpha
301	MG570459	Clupeomorpha
302	MH465024	Clupeomorpha
303	MG251943	Clupeomorpha
304	MG251977	Clupeomorpha
305	KC193762	Clupeomorpha
306	KC193726	Clupeomorpha
307	MG251964	Clupeomorpha
308	KC193742	Clupeomorpha
309	AP006230	Clupeomorpha
310	KC193774	Clupeomorpha
311	MK391600	Clupeomorpha
312	MK050975	Clupeomorpha
313	MK134714	Clupeomorpha
314	KC193755	Clupeomorpha
315	KC193738	Clupeomorpha
316	KC193740	Clupeomorpha
317	KJ710625	Clupeomorpha
318	NC_009593	Clupeomorpha
319	MG570462	Clupeomorpha
320	MG570422	Clupeomorpha
321	HQ331537	Clupeomorpha
322	NC_028275	Clupeomorpha
323	KX096870	Clupeomorpha
324	MG570415	Clupeomorpha
325	MG251940	Clupeomorpha
326	NC_038196	Clupeomorpha
327	NC_041097	Clupeomorpha
328	MG251939	Clupeomorpha
329	NC_002616	Clupeomorpha
330	KC193713	Clupeomorpha
331	KC193756	Clupeomorpha
332	KP185129	Clupeomorpha
333	KC193777	Clupeomorpha
334	KC193739	Clupeomorpha
335	MH465028	Clupeomorpha
336	KC193710	Clupeomorpha
337	NC_003097	Clupeomorpha
338	NC_014276	Clupeomorpha
339	MG251949	Clupeomorpha
340	MF597091	Clupeomorpha
341	KC193699	Clupeomorpha
342	MF363002	Clupeomorpha
343	KC193717	Clupeomorpha
344	JX075099	Clupeomorpha
345	MG251978	Clupeomorpha
346	KC193697	Clupeomorpha
347	MG251979	Clupeomorpha
348	KC193719	Clupeomorpha
349	MG251975	Clupeomorpha
350	MH037012	Clupeomorpha
351	NC_014266	Clupeomorpha
352	MG570429	Clupeomorpha
353	KC193734	Clupeomorpha
354	KC193698	Clupeomorpha
355	KC193730	Clupeomorpha
356	KC193757	Clupeomorpha
357	KF938994	Clupeomorpha
358	NC_020468	Clupeomorpha
359	KC439458	Clupeomorpha
360	MH995532	Clupeomorpha
361	MG251950	Clupeomorpha
362	KU761588	Clupeomorpha
363	KM257636	Clupeomorpha
364	KC193695	Clupeomorpha
365	MG251972	Clupeomorpha
366	KC193689	Clupeomorpha
367	KY964441	Clupeomorpha
368	MG251938	Clupeomorpha
369	KC193724	Clupeomorpha
370	NC_009583	Clupeomorpha
371	KC193751	Clupeomorpha
372	NC_026912	Clupeomorpha
373	MH732976	Clupeomorpha
374	KC193705	Clupeomorpha
375	NC_042729	Clupeomorpha
376	KC193729	Clupeomorpha
377	MG251954	Clupeomorpha
378	MG251965	Clupeomorpha
379	NC_014268	Clupeomorpha
380	KC193735	Clupeomorpha
381	KC193723	Clupeomorpha
382	MF668229	Clupeomorpha
383	NC_044472	Clupeomorpha
384	NC_039819	Clupeomorpha
385	NC_014277	Clupeomorpha
386	NC_009592	Clupeomorpha
387	KC193749	Clupeomorpha
388	MG251980	Clupeomorpha
389	KC193759	Clupeomorpha
390	MH465023	Clupeomorpha
391	KC193771	Clupeomorpha
392	MN122931	Clupeomorpha
393	NC_009586	Clupeomorpha
394	KC193687	Clupeomorpha
395	KC193685	Clupeomorpha
396	KC193718	Clupeomorpha
397	KC193750	Clupeomorpha
398	MG251974	Clupeomorpha
399	MG251973	Clupeomorpha
400	KJ710626	Clupeomorpha
401	NC_009591	Clupeomorpha
402	KC193752	Clupeomorpha
403	KC193707	Clupeomorpha
404	KC193754	Clupeomorpha
405	MG251960	Clupeomorpha
406	NC_009580	Clupeomorpha
407	KC193758	Clupeomorpha
408	NC_008107	Clupeomorpha
409	KY769128	Clupeomorpha
410	NC_019644	Clupeomorpha
411	MG251946	Clupeomorpha
412	KC193721	Clupeomorpha
413	KC193711	Clupeomorpha
414	NC_021447	Clupeomorpha
415	NC_037131	Clupeomorpha
416	MG251944	Clupeomorpha
417	KC193706	Clupeomorpha
418	KC193737	Clupeomorpha
419	NC_023824	Clupeomorpha
420	MG251947	Clupeomorpha
421	AP006232	Clupeomorpha
422	KC193688	Clupeomorpha
423	MG251967	Clupeomorpha
424	MT801134	Clupeomorpha
425	KC193764	Clupeomorpha
426	MG251957	Clupeomorpha
427	KC193769	Clupeomorpha
428	KM276661	Clupeomorpha
429	MT471265	Clupeomorpha
430	KR000002	Clupeomorpha
431	KC193684	Clupeomorpha
432	NC_037017	Clupeomorpha
433	NC_035063	Clupeomorpha
434	MG251951	Clupeomorpha
435	MF536754	Clupeomorpha
436	KC193773	Clupeomorpha
437	NC_014264	Clupeomorpha
438	NC_009587	Clupeomorpha
439	MH011393	Clupeomorpha
440	MG251942	Clupeomorpha
441	MG251941	Clupeomorpha
442	KC193760	Clupeomorpha
443	KC193680	Clupeomorpha
444	KC193700	Clupeomorpha
445	KC193728	Clupeomorpha
446	NC_036672	Clupeomorpha
447	MF363003	Clupeomorpha
448	JQ753955	Clupeomorpha
449	NC_009577	Clupeomorpha
450	KC466691	Clupeomorpha
451	MH329246	Clupeomorpha
452	MT410920	Clupeomorpha
453	MG755269	Clupeomorpha
454	NC_009581	Clupeomorpha
455	KC193727	Clupeomorpha
456	NC_014269	Clupeomorpha
457	KC193770	Clupeomorpha
458	MG570434	Clupeomorpha
459	MG570439	Clupeomorpha
460	DQ536426	Clupeomorpha
461	MG251976	Clupeomorpha
462	NC_016695	Clupeomorpha
463	NC_018600	Clupeomorpha
464	MK400441	Clupeomorpha
465	MT764773	Clupeomorpha
466	MG251966	Clupeomorpha
467	KC193692	Clupeomorpha
468	KC193745	Clupeomorpha
469	NC_023538	Clupeomorpha
470	MG251981	Clupeomorpha
471	MH465025	Clupeomorpha
472	NC_014279	Clupeomorpha
473	NC_015076	Clupeomorpha
474	KC193715	Clupeomorpha
475	NC_009575	Clupeomorpha
476	KC193693	Clupeomorpha
477	NC_014265	Clupeomorpha
478	MG251956	Clupeomorpha
479	KC193720	Clupeomorpha
480	KC193761	Clupeomorpha
481	NC_009589	Clupeomorpha
482	AB040676	Clupeomorpha
483	KF056322	Clupeomorpha
484	NC_009582	Clupeomorpha
485	NC_009576	Clupeomorpha
486	MK029349	Clupeomorpha
487	MG570440	Clupeomorpha
488	MG251963	Clupeomorpha
489	KC193696	Clupeomorpha
490	NC_033407	Clupeomorpha
491	MN122923	Clupeomorpha
492	NC_043853	Clupeomorpha
493	AP006229	Clupeomorpha
494	NC_037016	Clupeomorpha
495	MG251948	Clupeomorpha
496	KC193708	Clupeomorpha
497	KM363243	Clupeomorpha
498	KC193701	Clupeomorpha
499	KY250421	Protacanthopterygii
500	NC_028198	Protacanthopterygii
501	JQ661458	Protacanthopterygii
502	MF621754	Protacanthopterygii
503	KJ866481	Protacanthopterygii
504	NC_015244	Protacanthopterygii
505	JQ661471	Protacanthopterygii
506	NC_026566	Protacanthopterygii
507	KM361633	Protacanthopterygii
508	NC_004593	Protacanthopterygii
509	NC_012929	Protacanthopterygii
510	MF621737	Protacanthopterygii
511	JQ661426	Protacanthopterygii
512	MK695624	Protacanthopterygii
513	NC_009262	Protacanthopterygii
514	MN394784	Protacanthopterygii
515	MF621759	Protacanthopterygii
516	MK258084	Protacanthopterygii
517	NC_020765	Protacanthopterygii
518	MF621753	Protacanthopterygii
519	MN394789	Protacanthopterygii
520	NC_027408	Protacanthopterygii
521	NC_042393	Protacanthopterygii
522	KX421785	Protacanthopterygii
523	KF692113	Protacanthopterygii
524	JQ661480	Protacanthopterygii
525	KJ499917	Protacanthopterygii
526	JQ661456	Protacanthopterygii
527	MK234844	Protacanthopterygii
528	HM106489	Protacanthopterygii
529	JQ661434	Protacanthopterygii
530	JQ661383	Protacanthopterygii
531	JQ661462	Protacanthopterygii
532	EU124682	Protacanthopterygii
533	NC_004599	Protacanthopterygii
534	HM804473	Protacanthopterygii
535	NC_025648	Protacanthopterygii
536	JQ661472	Protacanthopterygii
537	MF621747	Protacanthopterygii
538	JQ661465	Protacanthopterygii
539	JQ661459	Protacanthopterygii
540	JQ686730	Protacanthopterygii
541	JQ661457	Protacanthopterygii
542	KY078220	Protacanthopterygii
543	JQ661447	Protacanthopterygii
544	NC_026455	Protacanthopterygii
545	JQ661391	Protacanthopterygii
546	MK234847	Protacanthopterygii
547	MF621751	Protacanthopterygii
548	JQ661475	Protacanthopterygii
549	MN957796	Protacanthopterygii
550	NC_026537	Protacanthopterygii
551	JQ661397	Protacanthopterygii
552	MN530959	Protacanthopterygii
553	JQ661484	Protacanthopterygii
554	JQ661414	Protacanthopterygii
555	JQ661396	Protacanthopterygii
556	MF621743	Protacanthopterygii
557	HQ897271	Protacanthopterygii
558	JQ390057	Protacanthopterygii
559	NC_025576	Protacanthopterygii
560	MN530960	Protacanthopterygii
561	MH370837	Protacanthopterygii
562	MH370836	Protacanthopterygii
563	DQ288268	Protacanthopterygii
564	KY078216	Protacanthopterygii
565	JQ661405	Protacanthopterygii
566	DQ288269	Protacanthopterygii
567	MK695626	Protacanthopterygii
568	JQ661443	Protacanthopterygii
569	JQ661421	Protacanthopterygii
570	JX524196	Protacanthopterygii
571	KJ816316	Protacanthopterygii
572	KJ645978	Protacanthopterygii
573	KP085590	Protacanthopterygii
574	NC_016426	Protacanthopterygii
575	NC_031372	Protacanthopterygii
576	MN530963	Protacanthopterygii
577	NC_029157	Protacanthopterygii
578	EF055889	Protacanthopterygii
579	NC_020760	Protacanthopterygii
580	JQ675732	Protacanthopterygii
581	NC_024109	Protacanthopterygii
582	MT410880	Protacanthopterygii
583	NC_020761	Protacanthopterygii
584	NC_008747	Protacanthopterygii
585	NC_002646	Protacanthopterygii
586	KP218514	Protacanthopterygii
587	KJ816315	Protacanthopterygii
588	KU523579	Protacanthopterygii
589	KJ711550	Protacanthopterygii
590	KT867089	Protacanthopterygii
591	KJ866482	Protacanthopterygii
592	NC_030175	Protacanthopterygii
593	JQ661442	Protacanthopterygii
594	NC_022455	Protacanthopterygii
595	JQ661483	Protacanthopterygii
596	KP306787	Protacanthopterygii
597	NC_002980	Protacanthopterygii
598	JQ661385	Protacanthopterygii
599	KT634053	Protacanthopterygii
600	JQ661452	Protacanthopterygii
601	JQ661390	Protacanthopterygii
602	KU674352	Protacanthopterygii
603	NC_045226	Protacanthopterygii
604	JQ390059	Protacanthopterygii
605	JQ661388	Protacanthopterygii
606	MF621762	Protacanthopterygii
607	JQ661395	Protacanthopterygii
608	EF105342	Protacanthopterygii
609	JQ661468	Protacanthopterygii
610	MK695623	Protacanthopterygii
611	NC_042195	Protacanthopterygii
612	KM588351	Protacanthopterygii
613	JQ661384	Protacanthopterygii
614	JQ661419	Protacanthopterygii
615	NC_028282	Protacanthopterygii
616	JQ661469	Protacanthopterygii
617	MF621756	Protacanthopterygii
618	MK270623	Protacanthopterygii
619	NC_027409	Protacanthopterygii
620	JQ661485	Protacanthopterygii
621	KP013107	Protacanthopterygii
622	JQ661394	Protacanthopterygii
623	NC_004598	Protacanthopterygii
624	KU674353	Protacanthopterygii
625	JQ661455	Protacanthopterygii
626	AF133701	Protacanthopterygii
627	AP006231	Protacanthopterygii
628	NC_029216	Protacanthopterygii
629	MH636617	Protacanthopterygii
630	NC_024032	Protacanthopterygii
631	JQ390061	Protacanthopterygii
632	JQ661449	Protacanthopterygii
633	JQ661402	Protacanthopterygii
634	NC_010959	Protacanthopterygii
635	EF455489	Protacanthopterygii
636	EF126369	Protacanthopterygii
637	MK234846	Protacanthopterygii
638	MK695627	Protacanthopterygii
639	MN394787	Protacanthopterygii
640	KU530206	Protacanthopterygii
641	MF621764	Protacanthopterygii
642	MK258080	Protacanthopterygii
643	MH027384	Protacanthopterygii
644	JQ661467	Protacanthopterygii
645	NC_024674	Protacanthopterygii
646	NC_037502	Protacanthopterygii
647	MF621746	Protacanthopterygii
648	KY078219	Protacanthopterygii
649	MN530961	Protacanthopterygii
650	JQ661401	Protacanthopterygii
651	JQ661450	Protacanthopterygii
652	MF621742	Protacanthopterygii
653	KJ711549	Protacanthopterygii
654	KT824877	Protacanthopterygii
655	KF758446	Protacanthopterygii
656	KF974451	Protacanthopterygii
657	MF621749	Protacanthopterygii
658	KF974452	Protacanthopterygii
659	EU124683	Protacanthopterygii
660	JQ661479	Protacanthopterygii
661	MF621761	Protacanthopterygii
662	MF680544	Protacanthopterygii
663	JQ661487	Protacanthopterygii
664	MN394786	Protacanthopterygii
665	MF621748	Protacanthopterygii
666	MK258083	Protacanthopterygii
667	NC_037399	Protacanthopterygii
668	KJ746618	Protacanthopterygii
669	JQ661386	Protacanthopterygii
670	NC_029156	Protacanthopterygii
671	NC_001960	Protacanthopterygii
672	NC_002734	Protacanthopterygii
673	AP010773	Protacanthopterygii
674	JQ661382	Protacanthopterygii
675	MF621750	Protacanthopterygii
676	DQ864464	Protacanthopterygii
677	KJ730524	Protacanthopterygii
678	MF621757	Protacanthopterygii
679	NC_018342	Protacanthopterygii
680	MH003641	Protacanthopterygii
681	KP013084	Protacanthopterygii
682	JQ661464	Protacanthopterygii
683	MG940853	Protacanthopterygii
684	KT633607	Protacanthopterygii
685	NC_010007	Protacanthopterygii
686	NC_021651	Protacanthopterygii
687	NC_001717	Protacanthopterygii
688	KX421784	Protacanthopterygii
689	JQ661474	Protacanthopterygii
690	NC_022456	Protacanthopterygii
691	JQ661413	Protacanthopterygii
692	JQ661411	Protacanthopterygii
693	NC_015242	Protacanthopterygii
694	KJ866485	Protacanthopterygii
695	MF621739	Protacanthopterygii
696	JQ661420	Protacanthopterygii
697	HM106491	Protacanthopterygii
698	NC_015246	Protacanthopterygii
699	MF621760	Protacanthopterygii
700	JQ661423	Protacanthopterygii
701	JQ390062	Protacanthopterygii
702	DQ858456	Protacanthopterygii
703	KU674354	Protacanthopterygii
704	JQ661473	Protacanthopterygii
705	MK234845	Protacanthopterygii
706	NC_006897	Protacanthopterygii
707	JQ661407	Protacanthopterygii
708	NC_046708	Protacanthopterygii
709	MF621740	Protacanthopterygii
710	NC_045227	Protacanthopterygii
711	JQ661470	Protacanthopterygii
712	JQ661430	Protacanthopterygii
713	HM106493	Protacanthopterygii
714	KY078218	Protacanthopterygii
715	DQ288271	Protacanthopterygii
716	MF621767	Protacanthopterygii
717	JQ661389	Protacanthopterygii
718	JQ661440	Protacanthopterygii
719	NC_004592	Protacanthopterygii
720	MH003640	Protacanthopterygii
721	JQ661422	Protacanthopterygii
722	JQ390055	Protacanthopterygii
723	JQ661482	Protacanthopterygii
724	NC_020764	Protacanthopterygii
725	NC_024585	Protacanthopterygii
726	MH238074	Protacanthopterygii
727	MN530962	Protacanthopterygii
728	KJ866484	Protacanthopterygii
729	JQ661387	Protacanthopterygii
730	KP170510	Protacanthopterygii
731	MK258078	Protacanthopterygii
732	KT266870	Protacanthopterygii
733	MF621758	Protacanthopterygii
734	JQ661441	Protacanthopterygii
735	NC_027411	Protacanthopterygii
736	FJ853655	Protacanthopterygii
737	DQ288270	Protacanthopterygii
738	U12143	Protacanthopterygii
739	MH301056	Protacanthopterygii
740	KT867088	Protacanthopterygii
741	JQ661424	Protacanthopterygii
742	JQ661403	Protacanthopterygii
743	MH636616	Protacanthopterygii
744	MH301057	Protacanthopterygii
745	JQ390056	Protacanthopterygii
746	NC_009263	Protacanthopterygii
747	AF154851	Protacanthopterygii
748	JQ661392	Protacanthopterygii
749	KU668568	Ostariophysi
750	NC_028511	Ostariophysi
751	KF640234	Ostariophysi
752	KY747394	Ostariophysi
753	KJ729094	Ostariophysi
754	KP795444	Ostariophysi
755	DQ026433	Ostariophysi
756	JQ844133	Ostariophysi
757	KU986659	Ostariophysi
758	KM668070	Ostariophysi
759	NC_008657	Ostariophysi
760	NC_022678	Ostariophysi
761	NC_033952	Ostariophysi
762	KF739398	Ostariophysi
763	NC_029448	Ostariophysi
764	MG570407	Ostariophysi
765	KJ746943	Ostariophysi
766	JQ231114	Ostariophysi
767	KM186182	Ostariophysi
768	NC_007885	Ostariophysi
769	AP012026	Ostariophysi
770	NC_018043	Ostariophysi
771	AP009059	Ostariophysi
772	MF687116	Ostariophysi
773	NC_027661	Ostariophysi
774	JX220892	Ostariophysi
775	KP993137	Ostariophysi
776	NC_028434	Ostariophysi
777	NC_011161	Ostariophysi
778	KJ729088	Ostariophysi
779	KY406745	Ostariophysi
780	KC513575	Ostariophysi
781	AB054125	Ostariophysi
782	NC_013702	Ostariophysi
783	NC_022931	Ostariophysi
784	NC_029159	Ostariophysi
785	NC_032035	Ostariophysi
786	NC_035994	Ostariophysi
787	NC_020356	Ostariophysi
788	JN607253	Ostariophysi
789	KM186181	Ostariophysi
790	KC526217	Ostariophysi
791	NC_020005	Ostariophysi
792	MN709617	Ostariophysi
793	KT851549	Ostariophysi
794	KF534726	Ostariophysi
795	KY126320	Ostariophysi
796	KJ502112	Ostariophysi
797	KJ476998	Ostariophysi
798	KJ609181	Ostariophysi
799	MG171194	Ostariophysi
800	NC_046445	Ostariophysi
801	NC_028175	Ostariophysi
802	KC351895	Ostariophysi
803	NC_015753	Ostariophysi
804	NC_008663	Ostariophysi
805	NC_033403	Ostariophysi
806	NC_028072	Ostariophysi
807	MK852686	Ostariophysi
808	KT991436	Ostariophysi
809	MH285821	Ostariophysi
810	NC_037012	Ostariophysi
811	KP993136	Ostariophysi
812	KJ746961	Ostariophysi
813	NC_033958	Ostariophysi
814	MG938589	Ostariophysi
815	NC_019995	Ostariophysi
816	NC_015816	Ostariophysi
817	KF537571	Ostariophysi
818	KY131976	Ostariophysi
819	KX829026	Ostariophysi
820	NC_022182	Ostariophysi
821	MF805814	Ostariophysi
822	NC_017611	Ostariophysi
823	NC_011141	Ostariophysi
824	KJ830772	Ostariophysi
825	KP013114	Ostariophysi
826	MN841274	Ostariophysi
827	KJ746945	Ostariophysi
828	KJ729079	Ostariophysi
829	KY962416	Ostariophysi
830	MF687137	Ostariophysi
831	KM268050	Ostariophysi
832	MG570426	Ostariophysi
833	MG800786	Ostariophysi
834	NC_032398	Ostariophysi
835	KM401549	Ostariophysi
836	KP050360	Ostariophysi
837	NC_043847	Ostariophysi
838	KX840359	Ostariophysi
839	KM212178	Ostariophysi
840	KF587906	Ostariophysi
841	MN171302	Ostariophysi
842	NC_014866	Ostariophysi
843	KT213586	Ostariophysi
844	KP872682	Ostariophysi
845	MG570428	Ostariophysi
846	KJ913780	Ostariophysi
847	KJ729076	Ostariophysi
848	KX588239	Ostariophysi
849	AP011419	Ostariophysi
850	AB054130	Ostariophysi
851	NC_039115	Ostariophysi
852	NC_026122	Ostariophysi
853	AB218896	Ostariophysi
854	MH668154	Ostariophysi
855	KF383387	Ostariophysi
856	KF980890	Ostariophysi
857	KM393222	Ostariophysi
858	NC_029149	Ostariophysi
859	AB239601	Ostariophysi
860	NC_015748	Ostariophysi
861	JX184925	Ostariophysi
862	NC_032290	Ostariophysi
863	KF151214	Ostariophysi
864	KF246550	Ostariophysi
865	KM406486	Ostariophysi
866	KT259193	Ostariophysi
867	NC_015751	Ostariophysi
868	NC_004694	Ostariophysi
869	KF577979	Ostariophysi
870	NC_021414	Ostariophysi
871	JQ231111	Ostariophysi
872	NC_045214	Ostariophysi
873	KJ139979	Ostariophysi
874	MK726305	Ostariophysi
875	MG280782	Ostariophysi
876	KJ631323	Ostariophysi
877	JX646870	Ostariophysi
878	JQ004279	Ostariophysi
879	KF826087	Ostariophysi
880	NC_022705	Ostariophysi
881	NC_028028	Ostariophysi
882	JQ734476	Ostariophysi
883	NC_015801	Ostariophysi
884	NC_037516	Ostariophysi
885	KT213595	Ostariophysi
886	KX164404	Ostariophysi
887	MG570413	Ostariophysi
888	NC_041443	Ostariophysi
889	NC_012980	Ostariophysi
890	MG570451	Ostariophysi
891	KC342218	Ostariophysi
892	MK530706	Ostariophysi
893	JQ026259	Ostariophysi
894	NC_015194	Ostariophysi
895	KJ645748	Ostariophysi
896	MH998249	Ostariophysi
897	NC_021395	Ostariophysi
898	MT109097	Ostariophysi
899	KJ746938	Ostariophysi
900	KF732713	Ostariophysi
901	JN105354	Ostariophysi
902	MG570448	Ostariophysi
903	KJ496301	Ostariophysi
904	NC_028403	Ostariophysi
905	KT268317	Ostariophysi
906	NC_025650	Ostariophysi
907	HM746659	Ostariophysi
908	KP013104	Ostariophysi
909	KR869145	Ostariophysi
910	KM454860	Ostariophysi
911	AP011995	Ostariophysi
912	KR270437	Ostariophysi
913	KM081703	Ostariophysi
914	KU323959	Ostariophysi
915	AP012003	Ostariophysi
916	KF976395	Ostariophysi
917	JQ917224	Ostariophysi
918	KF673863	Ostariophysi
919	KX528071	Ostariophysi
920	NC_046438	Ostariophysi
921	NC_026205	Ostariophysi
922	KX139437	Ostariophysi
923	NC_027670	Ostariophysi
924	NC_015823	Ostariophysi
925	MN231004	Ostariophysi
926	KY710750	Ostariophysi
927	KU380329	Ostariophysi
928	KU146529	Ostariophysi
929	JX987313	Ostariophysi
930	KC113209	Ostariophysi
931	KJ746947	Ostariophysi
932	KP407138	Ostariophysi
933	KJ754936	Ostariophysi
934	NC_015745	Ostariophysi
935	KP013086	Ostariophysi
936	MH709123	Ostariophysi
937	KJ027397	Ostariophysi
938	NC_045067	Ostariophysi
939	NC_029449	Ostariophysi
940	MH605315	Ostariophysi
941	NC_036034	Ostariophysi
942	NC_028595	Ostariophysi
943	AP009316	Ostariophysi
944	KT601639	Ostariophysi
945	KP064328	Ostariophysi
946	KJ641842	Ostariophysi
947	NC_021597	Ostariophysi
948	KM400625	Ostariophysi
949	MF687128	Ostariophysi
950	KJ880044	Ostariophysi
951	KF600713	Ostariophysi
952	NC_018825	Ostariophysi
953	AB242168	Ostariophysi
954	NC_021448	Ostariophysi
955	KJ739868	Ostariophysi
956	KJ671449	Ostariophysi
957	MN807278	Ostariophysi
958	MG570435	Ostariophysi
959	NC_011210	Ostariophysi
960	NC_018821	Ostariophysi
961	KM244705	Ostariophysi
962	KU050703	Ostariophysi
963	KJ135626	Ostariophysi
964	NC_036512	Ostariophysi
965	KF176560	Ostariophysi
966	AP011428	Ostariophysi
967	MN082047	Ostariophysi
968	KM052390	Ostariophysi
969	NC_014261	Ostariophysi
970	KR075136	Ostariophysi
971	NC_029341	Ostariophysi
972	FJ515920	Ostariophysi
973	NC_029437	Ostariophysi
974	NC_021596	Ostariophysi
975	NC_008667	Ostariophysi
976	JQ230103	Ostariophysi
977	KC513574	Ostariophysi
978	MH285824	Ostariophysi
979	NC_013709	Ostariophysi
980	JQ343984	Ostariophysi
981	KF647872	Ostariophysi
982	KJ729080	Ostariophysi
983	NC_025950	Ostariophysi
984	MG818719	Ostariophysi
985	NC_024880	Ostariophysi
986	KF926823	Ostariophysi
987	KY358753	Ostariophysi
988	NC_044969	Ostariophysi
989	MG570449	Ostariophysi
990	KY420179	Ostariophysi
991	MG999836	Ostariophysi
992	NC_023101	Ostariophysi
993	MH605309	Ostariophysi
994	MN581868	Ostariophysi
995	NC_023336	Ostariophysi
996	KT224366	Ostariophysi
997	HM535625	Ostariophysi
998	JX316027	Ostariophysi
999	KJ564187	Elopomorpha
1000	KJ564207	Elopomorpha
1001	AP007234	Elopomorpha
1002	NC_013626	Elopomorpha
1003	KJ564241	Elopomorpha
1004	KJ564225	Elopomorpha
1005	NC_006532	Elopomorpha
1006	KJ564249	Elopomorpha
1007	KJ564245	Elopomorpha
1008	KJ564177	Elopomorpha
1009	KJ564270	Elopomorpha
1010	NC_013624	Elopomorpha
1011	NC_013620	Elopomorpha
1012	KJ564224	Elopomorpha
1013	KJ564271	Elopomorpha
1014	NC_013617	Elopomorpha
1015	AB051110	Elopomorpha
1016	KJ564263	Elopomorpha
1017	KJ564220	Elopomorpha
1018	KJ564264	Elopomorpha
1019	NC_006545	Elopomorpha
1020	NC_005799	Elopomorpha
1021	KJ564175	Elopomorpha
1022	NC_013602	Elopomorpha
1023	NC_005798	Elopomorpha
1024	NC_005803	Elopomorpha
1025	KJ564199	Elopomorpha
1026	KJ564238	Elopomorpha
1027	KJ564197	Elopomorpha
1028	KJ564214	Elopomorpha
1029	NC_005144	Elopomorpha
1030	AP007243	Elopomorpha
1031	KJ564253	Elopomorpha
1032	KJ564230	Elopomorpha
1033	NC_005804	Elopomorpha
1034	KJ564255	Elopomorpha
1035	NC_013608	Elopomorpha
1036	NC_006535	Elopomorpha
1037	KJ564213	Elopomorpha
1038	AP007240	Elopomorpha
1039	NC_006531	Elopomorpha
1040	KY081398	Elopomorpha
1041	NC_005805	Elopomorpha
1042	EU917054	Elopomorpha
1043	NC_013614	Elopomorpha
1044	KJ564219	Elopomorpha
1045	AP007241	Elopomorpha
1046	AP002978	Elopomorpha
1047	KJ564209	Elopomorpha
1048	KJ564262	Elopomorpha
1049	MK574146	Elopomorpha
1050	KJ564228	Elopomorpha
1051	KJ564176	Elopomorpha
1052	KP874183	Elopomorpha
1053	NC_013623	Elopomorpha
1054	KY081397	Elopomorpha
1055	NC_005298	Elopomorpha
1056	KJ564223	Elopomorpha
1057	KJ948424	Elopomorpha
1058	NC_006537	Elopomorpha
1059	NC_013436	Elopomorpha
1060	NC_013611	Elopomorpha
1061	KJ564198	Elopomorpha
1062	KJ564184	Elopomorpha
1063	KJ564174	Elopomorpha
1064	KJ564205	Elopomorpha
1065	KJ564232	Elopomorpha
1066	NC_006542	Elopomorpha
1067	AB046473	Elopomorpha
1068	NC_006533	Elopomorpha
1069	AP002975	Elopomorpha
1070	AP004808	Elopomorpha
1071	KJ564237	Elopomorpha
1072	NC_013633	Elopomorpha
1073	KJ564173	Elopomorpha
1074	KJ564269	Elopomorpha
1075	MK189460	Elopomorpha
1076	NC_006538	Elopomorpha
1077	KJ564190	Elopomorpha
1078	NC_004417	Elopomorpha
1079	NC_006539	Elopomorpha
1080	MH050933	Elopomorpha
1081	AP007237	Elopomorpha
1082	KJ564185	Elopomorpha
1083	AB047825	Elopomorpha
1084	NC_013628	Elopomorpha
1085	KJ564265	Elopomorpha
1086	AP002973	Elopomorpha
1087	AB038556	Elopomorpha
1088	NC_006547	Elopomorpha
1089	NC_006534	Elopomorpha
1090	KJ564217	Elopomorpha
1091	AP007248	Elopomorpha
1092	NC_006544	Elopomorpha
1093	KJ564212	Elopomorpha
1094	NC_013615	Elopomorpha
1095	KJ564186	Elopomorpha
1096	KP893074	Elopomorpha
1097	NC_006546	Elopomorpha
1098	KJ564218	Elopomorpha
1099	AP004807	Elopomorpha
1100	KJ564235	Elopomorpha
1101	KJ564194	Elopomorpha
1102	KJ564211	Elopomorpha
1103	NC_013618	Elopomorpha
1104	NC_013627	Elopomorpha
1105	KY021065	Elopomorpha
1106	KJ564179	Elopomorpha
1107	AB469437	Elopomorpha
1108	NC_013629	Elopomorpha
1109	NC_013634	Elopomorpha
1110	KJ564208	Elopomorpha
1111	NC_013610	Elopomorpha
1112	AP007236	Elopomorpha
1113	KJ564180	Elopomorpha
1114	NC_006541	Elopomorpha
1115	KJ564254	Elopomorpha
1116	KJ564196	Elopomorpha
1117	KJ564221	Elopomorpha
1118	AP007249	Elopomorpha
1119	KJ564242	Elopomorpha
1120	NC_013606	Elopomorpha
1121	KJ564222	Elopomorpha
1122	KJ564236	Elopomorpha
1123	KJ564244	Elopomorpha
1124	KJ564215	Elopomorpha
1125	KJ564206	Elopomorpha
1126	KJ564257	Elopomorpha
1127	NC_006540	Elopomorpha
1128	AB038381	Elopomorpha
1129	KJ564261	Elopomorpha
1130	AP007245	Elopomorpha
1131	KJ564188	Elopomorpha
1132	NC_013609	Elopomorpha
1133	NC_005796	Elopomorpha
1134	KJ564216	Elopomorpha
1135	KJ564247	Elopomorpha
1136	KJ564233	Elopomorpha
1137	KJ564243	Elopomorpha
1138	KJ564240	Elopomorpha
1139	KJ564229	Elopomorpha
1140	KJ564260	Elopomorpha
1141	KJ564183	Elopomorpha
1142	AP007242	Elopomorpha
1143	AP007247	Elopomorpha
1144	KJ564268	Elopomorpha
1145	NC_027186	Elopomorpha
1146	KR131863	Elopomorpha
1147	KJ564172	Elopomorpha
1148	KJ564202	Elopomorpha
1149	KJ564181	Elopomorpha
1150	KJ564259	Elopomorpha
1151	MK189459	Elopomorpha
1152	KJ564234	Elopomorpha
1153	AP007238	Elopomorpha
1154	KJ564191	Elopomorpha
1155	NC_005299	Elopomorpha
1156	AP007239	Elopomorpha
1157	MT410930	Elopomorpha
1158	KJ564210	Elopomorpha
1159	NC_035885	Elopomorpha
1160	KX641476	Elopomorpha
1161	NC_005802	Elopomorpha
1162	NC_013601	Elopomorpha
1163	NC_013613	Elopomorpha
1164	AP007244	Elopomorpha
1165	NC_005801	Elopomorpha
1166	NC_013630	Elopomorpha
1167	AP007246	Elopomorpha
1168	AP007233	Elopomorpha
1169	MF448350	Elopomorpha
1170	NC_005800	Elopomorpha
1171	KJ564189	Elopomorpha
1172	NC_038175	Elopomorpha
1173	KJ564192	Elopomorpha
1174	KJ564227	Elopomorpha
1175	MK204283	Elopomorpha
1176	KJ564178	Elopomorpha
1177	KJ564203	Elopomorpha
1178	KJ564252	Elopomorpha
1179	KJ564171	Elopomorpha
1180	NC_013605	Elopomorpha
1181	NC_013607	Elopomorpha
1182	NC_013635	Elopomorpha
1183	MT027058	Elopomorpha
1184	KP793920	Elopomorpha
1185	KJ564195	Elopomorpha
1186	KJ564250	Elopomorpha
1187	KJ564251	Elopomorpha
1188	AP002977	Elopomorpha
1189	AP007235	Elopomorpha
1190	KJ564248	Elopomorpha
1191	KJ564256	Elopomorpha
1192	NC_013622	Elopomorpha
1193	NC_013631	Elopomorpha
1194	KJ564267	Elopomorpha
1195	KJ564239	Elopomorpha
1196	KJ564170	Elopomorpha
1197	KJ564193	Elopomorpha
1198	AP002976	Elopomorpha
1199	KJ564226	Elopomorpha
1200	NC_011575	Elopomorpha
1201	NC_006543	Elopomorpha
1202	KJ564200	Elopomorpha
1203	AP007250	Elopomorpha
1204	KJ564182	Elopomorpha
1205	KJ564246	Elopomorpha
1206	KP874184	Elopomorpha
1207	NC_027234	Elopomorpha
1208	NC_006536	Elopomorpha
1209	NC_013621	Elopomorpha
1210	NC_047186	Elopomorpha
1211	NC_027240	Elopomorpha
1212	KJ564231	Elopomorpha
1213	NC_002707	Elopomorpha
1214	KT355033	Elopomorpha
1215	AB051070	Elopomorpha
1216	KT895265	Elopomorpha
1217	AP002974	Elopomorpha
1218	NC_002761	Elopomorpha
1219	KJ564204	Elopomorpha
1220	NC_013625	Elopomorpha
1221	NC_013632	Elopomorpha
1222	KJ564258	Elopomorpha
1223	KJ564266	Elopomorpha
1224	KJ564201	Elopomorpha
1225	KJ433482	Acanthopterygii
1226	JQ348999	Acanthopterygii
1227	JQ639067	Acanthopterygii
1228	MH538781	Acanthopterygii
1229	NC_046581	Acanthopterygii
1230	NC_011321	Acanthopterygii
1231	NC_029473	Acanthopterygii
1232	NC_032080	Acanthopterygii
1233	KC663435	Acanthopterygii
1234	AP011938	Acanthopterygii
1235	NC_046471	Acanthopterygii
1236	KU053334	Acanthopterygii
1237	KX117996	Acanthopterygii
1238	JQ349003	Acanthopterygii
1239	MK784230	Acanthopterygii
1240	MG851912	Acanthopterygii
1241	NC_044429	Acanthopterygii
1242	MK784242	Acanthopterygii
1243	NC_026229	Acanthopterygii
1244	NC_023977	Acanthopterygii
1245	NC_011172	Acanthopterygii
1246	NC_014849	Acanthopterygii
1247	NC_011945	Acanthopterygii
1248	MH301059	Acanthopterygii
1249	MF326939	Acanthopterygii
1250	AP002942	Acanthopterygii
1251	AP011933	Acanthopterygii
1252	AP009529	Acanthopterygii
1253	NC_029471	Acanthopterygii
1254	KC593370	Acanthopterygii
1255	NC_044458	Acanthopterygii
1256	KX762050	Acanthopterygii
1257	KP710978	Acanthopterygii
1258	AP009539	Acanthopterygii
1259	MH538718	Acanthopterygii
1260	NC_032400	Acanthopterygii
1261	NC_015337	Acanthopterygii
1262	NC_013183	Acanthopterygii
1263	NC_046735	Acanthopterygii
1264	MK240352	Acanthopterygii
1265	NC_023265	Acanthopterygii
1266	MH538712	Acanthopterygii
1267	NC_028285	Acanthopterygii
1268	FJ848375	Acanthopterygii
1269	MH538772	Acanthopterygii
1270	JQ420073	Acanthopterygii
1271	KY628302	Acanthopterygii
1272	KU743245	Acanthopterygii
1273	NC_003194	Acanthopterygii
1274	KT240121	Acanthopterygii
1275	KT211461	Acanthopterygii
1276	KT211443	Acanthopterygii
1277	KT004432	Acanthopterygii
1278	MK784116	Acanthopterygii
1279	NC_027588	Acanthopterygii
1280	NC_028197	Acanthopterygii
1281	NC_028286	Acanthopterygii
1282	NC_036721	Acanthopterygii
1283	JQ700101	Acanthopterygii
1284	KX117921	Acanthopterygii
1285	AP008947	Acanthopterygii
1286	KT343661	Acanthopterygii
1287	KX117977	Acanthopterygii
1288	NC_026194	Acanthopterygii
1289	KU360727	Acanthopterygii
1290	KX156764	Acanthopterygii
1291	MN122884	Acanthopterygii
1292	KX117964	Acanthopterygii
1293	KJ184525	Acanthopterygii
1294	NC_013812	Acanthopterygii
1295	NC_022445	Acanthopterygii
1296	MK784222	Acanthopterygii
1297	NC_039543	Acanthopterygii
1298	NC_026464	Acanthopterygii
1299	KT211466	Acanthopterygii
1300	NC_034675	Acanthopterygii
1301	MH538748	Acanthopterygii
1302	KY609156	Acanthopterygii
1303	KC790539	Acanthopterygii
1304	AP009534	Acanthopterygii
1305	NC_011633	Acanthopterygii
1306	MH237607	Acanthopterygii
1307	MK621914	Acanthopterygii
1308	MH538795	Acanthopterygii
1309	MG515171	Acanthopterygii
1310	NC_012981	Acanthopterygii
1311	JF911702	Acanthopterygii
1312	NC_015352	Acanthopterygii
1313	KX117925	Acanthopterygii
1314	KJ433560	Acanthopterygii
1315	MK509809	Acanthopterygii
1316	MH538731	Acanthopterygii
1317	NC_004386	Acanthopterygii
1318	NC_011379	Acanthopterygii
1319	JX682713	Acanthopterygii
1320	NC_035306	Acanthopterygii
1321	NC_036720	Acanthopterygii
1322	NC_039158	Acanthopterygii
1323	JX629442	Acanthopterygii
1324	KY249560	Acanthopterygii
1325	KT211449	Acanthopterygii
1326	NC_042186	Acanthopterygii
1327	AP004422	Acanthopterygii
1328	AP009528	Acanthopterygii
1329	NC_029247	Acanthopterygii
1330	NC_026904	Acanthopterygii
1331	KT307617	Acanthopterygii
1332	NC_026533	Acanthopterygii
1333	NC_011111	Acanthopterygii
1334	KY067950	Acanthopterygii
1335	KT211477	Acanthopterygii
1336	KC847086	Acanthopterygii
1337	KX117992	Acanthopterygii
1338	JF911706	Acanthopterygii
1339	MH538732	Acanthopterygii
1340	AP002932	Acanthopterygii
1341	AP002939	Acanthopterygii
1342	KJ013505	Acanthopterygii
1343	NC_011323	Acanthopterygii
1344	KY965073	Acanthopterygii
1345	AP009214	Acanthopterygii
1346	MG739437	Acanthopterygii
1347	NC_032086	Acanthopterygii
1348	KT211467	Acanthopterygii
1349	NC_035147	Acanthopterygii
1350	NC_015367	Acanthopterygii
1351	NC_005836	Acanthopterygii
1352	NC_025242	Acanthopterygii
1353	KX117973	Acanthopterygii
1354	KY038655	Acanthopterygii
1355	MH301085	Acanthopterygii
1356	MH538828	Acanthopterygii
1357	AP009215	Acanthopterygii
1358	NC_021444	Acanthopterygii
1359	AP011919	Acanthopterygii
1360	NC_042416	Acanthopterygii
1361	NC_044439	Acanthopterygii
1362	DQ996312	Acanthopterygii
1363	NC_034668	Acanthopterygii
1364	MH538841	Acanthopterygii
1365	MH538862	Acanthopterygii
1366	AP009221	Acanthopterygii
1367	MK574671	Acanthopterygii
1368	NC_034338	Acanthopterygii
1369	KT211442	Acanthopterygii
1370	KM410088	Acanthopterygii
1371	MH538818	Acanthopterygii
1372	NC_034336	Acanthopterygii
1373	AP009203	Acanthopterygii
1374	NC_045033	Acanthopterygii
1375	KT211475	Acanthopterygii
1376	KT869378	Acanthopterygii
1377	AP009188	Acanthopterygii
1378	KT780446	Acanthopterygii
1379	KX118033	Acanthopterygii
1380	KP134336	Acanthopterygii
1381	KP013108	Acanthopterygii
1382	AP009198	Acanthopterygii
1383	MF621736	Acanthopterygii
1384	KX118016	Acanthopterygii
1385	KT211462	Acanthopterygii
1386	NC_015358	Acanthopterygii
1387	KX117960	Acanthopterygii
1388	MH538895	Acanthopterygii
1389	NC_024185	Acanthopterygii
1390	KY628301	Acanthopterygii
1391	MH538785	Acanthopterygii
1392	MN162695	Acanthopterygii
1393	KJ184526	Acanthopterygii
1394	MH538751	Acanthopterygii
1395	KU166863	Acanthopterygii
1396	KX117970	Acanthopterygii
1397	MT410943	Acanthopterygii
1398	AP009540	Acanthopterygii
1399	JQ639061	Acanthopterygii
1400	EF427918	Acanthopterygii
1401	NC_032039	Acanthopterygii
1402	KP013105	Acanthopterygii
1403	KX117999	Acanthopterygii
1404	AP009173	Acanthopterygii
1405	KJ489014	Acanthopterygii
1406	NC_043900	Acanthopterygii
1407	MH521260	Acanthopterygii
1408	EU043376	Acanthopterygii
1409	NC_027656	Acanthopterygii
1410	NC_036146	Acanthopterygii
1411	NC_023226	Acanthopterygii
1412	NC_024199	Acanthopterygii
1413	MT230531	Acanthopterygii
1414	KT211437	Acanthopterygii
1415	KT211433	Acanthopterygii
1416	JQ713914	Acanthopterygii
1417	MF536715	Acanthopterygii
1418	MK784212	Acanthopterygii
1419	KY067949	Acanthopterygii
1420	KR362879	Acanthopterygii
1421	KX117986	Acanthopterygii
1422	AB445125	Acanthopterygii
1423	MH301084	Acanthopterygii
1424	KP973944	Acanthopterygii
1425	AP002947	Acanthopterygii
1426	MH538825	Acanthopterygii
1427	MH538890	Acanthopterygii
1428	MH538854	Acanthopterygii
1429	NC_044430	Acanthopterygii
1430	AP009213	Acanthopterygii
1431	NC_036147	Acanthopterygii
1432	KX117927	Acanthopterygii
1433	NC_036719	Acanthopterygii
1434	AP008940	Acanthopterygii
1435	NC_044782	Acanthopterygii
1436	AP008939	Acanthopterygii
1437	KX268503	Acanthopterygii
1438	KC537759	Acanthopterygii
1439	MH538760	Acanthopterygii
1440	AP002951	Acanthopterygii
1441	MH538867	Acanthopterygii
1442	NC_011571	Acanthopterygii
1443	DQ526430	Acanthopterygii
1444	MH378781	Acanthopterygii
1445	KY965072	Acanthopterygii
1446	KX117954	Acanthopterygii
1447	NC_042203	Acanthopterygii
1448	MK784218	Acanthopterygii
1449	MH301083	Acanthopterygii
1450	NC_045245	Acanthopterygii
1451	MN853162	Acanthopterygii
1452	NC_015654	Acanthopterygii
1453	MH538872	Acanthopterygii
1454	MH538810	Acanthopterygii
1455	MH301062	Acanthopterygii
1456	KJ433559	Acanthopterygii
1457	JF911703	Acanthopterygii
1458	AP004440	Acanthopterygii
1459	KP861225	Acanthopterygii
1460	KY657279	Acanthopterygii
1461	MK256952	Acanthopterygii
1462	MK321578	Acanthopterygii
1463	MG739436	Acanthopterygii
1464	NC_015365	Acanthopterygii
1465	NC_029472	Acanthopterygii
1466	JQ639071	Acanthopterygii
1467	AP009211	Acanthopterygii
1468	KX118022	Acanthopterygii
1469	NC_030057	Acanthopterygii
1470	MK784244	Acanthopterygii
1471	MH538724	Acanthopterygii
1472	NC_010269	Acanthopterygii
1473	FJ472837	Acanthopterygii
1474	NC_011570	Acanthopterygii
