	sequence_id	cluster_id
0	MT471316.1	Alveolata
1	NC_054369.1	Alveolata
2	JN227086.1	Alveolata
3	NC_015981.1	Alveolata
4	MT471315.1	Alveolata
5	KF651061.1	Alveolata
6	MT471317.1	Alveolata
7	NC_054370.1	Alveolata
8	DQ927303.1	Alveolata
9	NC_008337.1	Alveolata
10	AF396436.1	Alveolata
11	NC_003029.1	Alveolata
12	DQ927304.1	Alveolata
13	NC_008338.1	Alveolata
14	MT375014.1	Alveolata
15	AF160864.1	Alveolata
16	NC_000862.1	Alveolata
17	MN025427.1	Alveolata
18	DQ927305.1	Alveolata
19	NC_008339.1	Alveolata
20	NC_014262.1	Alveolata
21	MK889230.1	Alveolata
22	NC_056101.1	Alveolata
23	X15917.1	Alveolata
24	NC_001324.2	Alveolata
25	NC_039174.1	Alveolata
26	MG272262.2	Alveolata
27	MW221262.1	Alveolata
28	NC_057079.1	Alveolata
29	MT622823.1	Alveolata
30	NC_058286.1	Alveolata
31	LN871601.1	Alveolata
32	LN871602.1	Alveolata
33	LN871603.1	Alveolata
34	NC_034637.1	Alveolata
35	MT084562.1	Alveolata
36	NC_058856.1	Alveolata
37	MT084563.1	Alveolata
38	NC_058857.1	Alveolata
39	FJ168563.1	Alveolata
40	NC_012450.1	Alveolata
41	MH203050.1	Alveolata
42	MH320095.1	Alveolata
43	MH320093.1	Alveolata
44	MN245143.1	Alveolata
45	KX094963.1	Alveolata
46	KC409030.1	Alveolata
47	KC409031.1	Alveolata
48	KF501573.1	Alveolata
49	JN864949.1	Alveolata
50	KC409029.1	Alveolata
51	KX094961.1	Alveolata
52	KX094962.1	Alveolata
53	KF894962.2	Alveolata
54	NC_044466.1	Alveolata
55	MN245142.1	Alveolata
56	MH320094.1	Alveolata
57	KP658102.1	Alveolata
58	MK452388.1	Alveolata
59	MN260347.1	Alveolata
60	MW934556.1	Alveolata
61	NC_058603.1	Alveolata
62	MN260348.1	Alveolata
63	MN260349.1	Alveolata
64	MN260350.1	Alveolata
65	MN260351.1	Alveolata
66	MN260354.1	Alveolata
67	MN260358.1	Alveolata
68	MN316535.1	Alveolata
69	KT203395.2	Alveolata
70	KP231180.1	Alveolata
71	MG831586.1	Alveolata
72	MG831587.1	Alveolata
73	MG831588.1	Alveolata
74	NC_038230.1	Alveolata
75	MN260345.1	Alveolata
76	MN260346.1	Alveolata
77	MN260353.1	Alveolata
78	MN316534.1	Alveolata
79	KR108297.1	Alveolata
80	FJ168565.1	Alveolata
81	KP025690.1	Alveolata
82	MN260352.1	Alveolata
83	MN260355.1	Alveolata
84	MN260356.1	Alveolata
85	MN260357.1	Alveolata
86	MN260359.1	Alveolata
87	MN260360.1	Alveolata
88	MN260361.1	Alveolata
89	MN260362.1	Alveolata
90	MN260363.1	Alveolata
91	MN260364.1	Alveolata
92	MN260365.1	Alveolata
93	MN260366.1	Alveolata
94	KP025693.1	Alveolata
95	MW303519.1	Alveolata
96	KT369006.1	Alveolata
97	MW934557.1	Alveolata
98	NC_058604.1	Alveolata
99	KT369005.1	Alveolata
100	KF419217.1	Alveolata
101	MK813349.1	Alveolata
102	KP009592.1	Alveolata
103	KR108296.1	Alveolata
104	MW934554.1	Alveolata
105	NC_058602.1	Alveolata
106	KP025691.1	Alveolata
107	MW354691.1	Alveolata
108	KP025692.1	Alveolata
109	KJ608416.1	Alveolata
110	KX495129.1	Alveolata
111	KX276860.3	Alveolata
112	MW599989.1	Alveolata
113	KP796149.1	Alveolata
114	KT203397.1	Alveolata
115	KR108298.1	Alveolata
116	NC_034000.1	Alveolata
117	KX276861.2	Alveolata
118	KT203396.1	Alveolata
119	KP658103.1	Alveolata
120	KJ608413.1	Alveolata
121	KJ608417.1	Alveolata
122	HQ702482.1	Alveolata
123	HQ702484.1	Alveolata
124	KX094949.1	Alveolata
125	KX094950.1	Alveolata
126	KX094951.1	Alveolata
127	KJ608418.1	Alveolata
128	KX094952.1	Alveolata
129	KX094953.1	Alveolata
130	KX094954.1	Alveolata
131	KJ608415.1	Alveolata
132	MW934555.1	Alveolata
133	KP658101.1	Alveolata
134	KT203399.1	Alveolata
135	HQ702479.1	Alveolata
136	KX094946.1	Alveolata
137	KX094947.1	Alveolata
138	KX094948.1	Alveolata
139	MH758793.1	Alveolata
140	KX495130.1	Alveolata
141	KT203398.1	Alveolata
142	KX094960.1	Alveolata
143	MT936929.1	Alveolata
144	MT936930.1	Alveolata
145	MT936931.1	Alveolata
146	MT936932.1	Alveolata
147	HQ702483.1	Alveolata
148	KX094944.1	Alveolata
149	KX094943.1	Alveolata
150	KX094945.1	Alveolata
151	KX094955.1	Alveolata
152	KX094956.1	Alveolata
153	HQ702481.1	Alveolata
154	KX094964.1	Alveolata
155	KX094965.1	Alveolata
156	KX094966.1	Alveolata
157	KJ608414.1	Alveolata
158	MF795598.1	Alveolata
159	NC_039745.1	Alveolata
160	KX094967.1	Alveolata
161	KX094957.1	Alveolata
162	KX094958.1	Alveolata
163	KX094959.1	Alveolata
164	HQ702480.1	Alveolata
165	MT936933.1	Alveolata
166	MK452389.1	Alveolata
167	KX090645.1	Alveolata
168	KX090646.1	Alveolata
169	KX698108.1	Alveolata
170	AB250415.1	Alveolata
171	NC_008279.1	Alveolata
172	MT684459.1	Alveolata
173	MT684460.1	Alveolata
174	EU075182.1	Alveolata
175	NC_009902.1	Alveolata
176	MT684458.1	Alveolata
177	AY733089.1	Alveolata
178	AB250690.1	Alveolata
179	NC_008288.1	Alveolata
180	EF079654.2	Alveolata
181	NC_009961.2	Alveolata
182	LC090213.1	Alveolata
183	KX090647.1	Alveolata
184	KY205372.1	Alveolata
185	AY733090.1	Alveolata
186	AY733088.1	Alveolata
187	NC_012426.1	Alveolata
188	AY598041.1	Alveolata
189	AY598048.1	Alveolata
190	AY598051.1	Alveolata
191	AY598061.1	Alveolata
192	AY598064.1	Alveolata
193	AY598070.1	Alveolata
194	AY598116.1	Alveolata
195	AY598118.1	Alveolata
196	FJ168564.1	Alveolata
197	NC_012451.1	Alveolata
198	AY598035.1	Alveolata
199	AY598037.1	Alveolata
200	AY598038.1	Alveolata
201	AY598039.1	Alveolata
202	AY598040.1	Alveolata
203	AY598044.1	Alveolata
204	AY598045.1	Alveolata
205	AY598049.1	Alveolata
206	AY598053.1	Alveolata
207	AY598054.1	Alveolata
208	AY598055.1	Alveolata
209	AY598060.1	Alveolata
210	AY598067.1	Alveolata
211	AY598068.1	Alveolata
212	AY598071.1	Alveolata
213	AY598090.1	Alveolata
214	AY598094.1	Alveolata
215	AY598096.1	Alveolata
216	AY598109.1	Alveolata
217	AY598110.1	Alveolata
218	AY598113.1	Alveolata
219	AY598114.1	Alveolata
220	AY598117.1	Alveolata
221	AY598119.1	Alveolata
222	AY598125.1	Alveolata
223	AY598127.1	Alveolata
224	AY598131.1	Alveolata
225	EF079653.2	Alveolata
226	NC_009960.2	Alveolata
227	AF055587.1	Alveolata
228	AY722798.1	Alveolata
229	AY598036.1	Alveolata
230	AY598043.1	Alveolata
231	AY598052.1	Alveolata
232	AY598056.1	Alveolata
233	AY598058.1	Alveolata
234	AY598059.1	Alveolata
235	AY598062.1	Alveolata
236	AY598065.1	Alveolata
237	AY598074.1	Alveolata
238	AY598075.1	Alveolata
239	AY598076.1	Alveolata
240	AY598077.1	Alveolata
241	AY598078.1	Alveolata
242	AY598079.1	Alveolata
243	AY598080.1	Alveolata
244	AY598081.1	Alveolata
245	AY598082.1	Alveolata
246	AY598083.1	Alveolata
247	AY598084.1	Alveolata
248	AY598085.1	Alveolata
249	AY598086.1	Alveolata
250	AY598087.1	Alveolata
251	AY598088.1	Alveolata
252	AY598089.1	Alveolata
253	AY598091.1	Alveolata
254	AY598092.1	Alveolata
255	AY598093.1	Alveolata
256	AY598095.1	Alveolata
257	AY598097.1	Alveolata
258	AY598100.1	Alveolata
259	AY598103.1	Alveolata
260	AY598111.1	Alveolata
261	AY598112.1	Alveolata
262	AY598115.1	Alveolata
263	AY598120.1	Alveolata
264	AY598122.1	Alveolata
265	AY598123.1	Alveolata
266	AY598124.1	Alveolata
267	AY598126.1	Alveolata
268	AY598128.1	Alveolata
269	AY598129.1	Alveolata
270	AY598130.1	Alveolata
271	AY598132.1	Alveolata
272	AY598133.1	Alveolata
273	AY598136.1	Alveolata
274	AY598137.1	Alveolata
275	AY598139.1	Alveolata
276	AY598140.1	Alveolata
277	NC_007233.1	Alveolata
278	NC_007243.1	Alveolata
279	JQ240399.1	Alveolata
280	JQ240401.1	Alveolata
281	JQ240409.1	Alveolata
282	JQ240425.1	Alveolata
283	MF197850.1	Alveolata
284	MF197851.1	Alveolata
285	MF197852.1	Alveolata
286	MF197853.1	Alveolata
287	MF197854.1	Alveolata
288	MF197855.1	Alveolata
289	MF197856.1	Alveolata
290	KY923289.1	Alveolata
291	KY923290.1	Alveolata
292	KY923291.1	Alveolata
293	KY923292.1	Alveolata
294	KY923293.1	Alveolata
295	KY923294.1	Alveolata
296	KY923295.1	Alveolata
297	KY923296.1	Alveolata
298	KY923297.1	Alveolata
299	KY923298.1	Alveolata
300	KY923299.1	Alveolata
301	KY923300.1	Alveolata
302	KY923301.1	Alveolata
303	KY923302.1	Alveolata
304	KY923303.1	Alveolata
305	KY923304.1	Alveolata
306	KY923305.1	Alveolata
307	KY923306.1	Alveolata
308	KY923307.1	Alveolata
309	KY923308.1	Alveolata
310	KY923309.1	Alveolata
311	KY923310.1	Alveolata
312	KY923311.1	Alveolata
313	KY923312.1	Alveolata
314	KY923313.1	Alveolata
315	KY923314.1	Alveolata
316	KY923315.1	Alveolata
317	KY923316.1	Alveolata
318	KY923317.1	Alveolata
319	KY923318.1	Alveolata
320	KY923319.1	Alveolata
321	KY923320.1	Alveolata
322	KY923321.1	Alveolata
323	KY923322.1	Alveolata
324	KY923323.1	Alveolata
325	KY923324.1	Alveolata
326	KY923325.1	Alveolata
327	KY923326.1	Alveolata
328	KY923327.1	Alveolata
329	KY923328.1	Alveolata
330	KY923329.1	Alveolata
331	KY923330.1	Alveolata
332	KY923331.1	Alveolata
333	KY923332.1	Alveolata
334	KY923333.1	Alveolata
335	KY923334.1	Alveolata
336	KY923335.1	Alveolata
337	KY923336.1	Alveolata
338	KY923337.1	Alveolata
339	KY923338.1	Alveolata
340	KY923339.1	Alveolata
341	KY923340.1	Alveolata
342	KY923341.1	Alveolata
343	KY923342.1	Alveolata
344	KY923343.1	Alveolata
345	KY923344.1	Alveolata
346	KY923345.1	Alveolata
347	KY923346.1	Alveolata
348	KY923347.1	Alveolata
349	KY923348.1	Alveolata
350	KY923349.1	Alveolata
351	KY923350.1	Alveolata
352	KY923351.1	Alveolata
353	KY923352.1	Alveolata
354	KY923353.1	Alveolata
355	KY923354.1	Alveolata
356	KY923355.1	Alveolata
357	KY923356.1	Alveolata
358	KY923357.1	Alveolata
359	KY923358.1	Alveolata
360	KY923359.1	Alveolata
361	KY923360.1	Alveolata
362	KY923361.1	Alveolata
363	KY923362.1	Alveolata
364	KY923363.1	Alveolata
365	KY923364.1	Alveolata
366	KY923365.1	Alveolata
367	KY923366.1	Alveolata
368	KY923367.1	Alveolata
369	KY923368.1	Alveolata
370	KY923369.1	Alveolata
371	KY923370.1	Alveolata
372	KY923371.1	Alveolata
373	KY923372.1	Alveolata
374	AY598042.1	Alveolata
375	AY598046.1	Alveolata
376	AY598047.1	Alveolata
377	AY598050.1	Alveolata
378	AY598057.1	Alveolata
379	AY598063.1	Alveolata
380	AY598069.1	Alveolata
381	AY598072.1	Alveolata
382	AY598073.1	Alveolata
383	AY598098.1	Alveolata
384	AY598099.1	Alveolata
385	AY598101.1	Alveolata
386	AY598102.1	Alveolata
387	AY598104.1	Alveolata
388	AY598105.1	Alveolata
389	AY598106.1	Alveolata
390	AY598107.1	Alveolata
391	AY598108.1	Alveolata
392	AY598121.1	Alveolata
393	AY598134.1	Alveolata
394	AY598135.1	Alveolata
395	AY598138.1	Alveolata
396	JQ240402.1	Alveolata
397	JQ240404.1	Alveolata
398	JQ240407.1	Alveolata
399	JQ240408.1	Alveolata
400	JQ240412.1	Alveolata
401	JQ240420.1	Alveolata
402	JQ240421.1	Alveolata
403	JQ240422.1	Alveolata
404	JQ240424.1	Alveolata
405	JQ240428.1	Alveolata
406	JQ240429.1	Alveolata
407	KX090648.1	Alveolata
408	FJ168562.1	Alveolata
409	NC_012448.1	Alveolata
410	JQ240333.1	Alveolata
411	JQ240338.1	Alveolata
412	JQ240342.1	Alveolata
413	JQ240343.1	Alveolata
414	JQ240345.1	Alveolata
415	JQ240346.1	Alveolata
416	JQ240347.1	Alveolata
417	JQ240348.1	Alveolata
418	JQ240349.1	Alveolata
419	JQ240350.1	Alveolata
420	JQ240351.1	Alveolata
421	JQ240352.1	Alveolata
422	JQ240354.1	Alveolata
423	JQ240355.1	Alveolata
424	JQ240356.1	Alveolata
425	JQ240357.1	Alveolata
426	JQ240361.1	Alveolata
427	JQ240362.1	Alveolata
428	JQ240363.1	Alveolata
429	JQ240366.1	Alveolata
430	JQ240367.1	Alveolata
431	JQ240369.1	Alveolata
432	JQ240370.1	Alveolata
433	JQ240371.1	Alveolata
434	JQ240373.1	Alveolata
435	JQ240374.1	Alveolata
436	JQ240379.1	Alveolata
437	JQ240380.1	Alveolata
438	JQ240381.1	Alveolata
439	JQ240384.1	Alveolata
440	JQ240387.1	Alveolata
441	JQ240392.1	Alveolata
442	JQ240395.1	Alveolata
443	JQ240397.1	Alveolata
444	JQ240400.1	Alveolata
445	JQ240403.1	Alveolata
446	JQ240410.1	Alveolata
447	JQ240411.1	Alveolata
448	JQ240413.1	Alveolata
449	JQ240414.1	Alveolata
450	JQ240415.1	Alveolata
451	JQ240418.1	Alveolata
452	JQ240419.1	Alveolata
453	JQ240423.1	Alveolata
454	JQ240426.1	Alveolata
455	JQ240427.1	Alveolata
456	KY200985.1	Alveolata
457	JQ240331.1	Alveolata
458	JQ240332.1	Alveolata
459	JQ240334.1	Alveolata
460	JQ240335.1	Alveolata
461	JQ240336.1	Alveolata
462	JQ240337.1	Alveolata
463	JQ240339.1	Alveolata
464	JQ240340.1	Alveolata
465	JQ240341.1	Alveolata
466	JQ240344.1	Alveolata
467	JQ240353.1	Alveolata
468	JQ240358.1	Alveolata
469	JQ240359.1	Alveolata
470	JQ240360.1	Alveolata
471	JQ240364.1	Alveolata
472	JQ240365.1	Alveolata
473	JQ240368.1	Alveolata
474	JQ240372.1	Alveolata
475	JQ240375.1	Alveolata
476	JQ240376.1	Alveolata
477	JQ240377.1	Alveolata
478	JQ240378.1	Alveolata
479	JQ240382.1	Alveolata
480	JQ240383.1	Alveolata
481	JQ240385.1	Alveolata
482	JQ240386.1	Alveolata
483	JQ240388.1	Alveolata
484	JQ240389.1	Alveolata
485	JQ240390.1	Alveolata
486	JQ240391.1	Alveolata
487	JQ240393.1	Alveolata
488	JQ240394.1	Alveolata
489	JQ240396.1	Alveolata
490	JQ240398.1	Alveolata
491	JQ240405.1	Alveolata
492	JQ240406.1	Alveolata
493	JQ240416.1	Alveolata
494	JQ240417.1	Alveolata
495	LC090214.1	Alveolata
496	LC090215.1	Alveolata
497	LC326032.1	Alveolata
498	MK518339.1	Alveolata
499	AY598066.1	Alveolata
500	AY722799.1	Alveolata
501	NC_012369.1	Alveolata
502	HM032052.1	Alveolata
503	AY733086.1	Alveolata
504	AY733087.1	Alveolata
505	NC_012423.1	Alveolata
506	NC_012425.1	Alveolata
507	KJ569475.1	Alveolata
508	M76611.1	Alveolata
509	DQ642845.1	Alveolata
510	KJ144901.1	Alveolata
511	KJ418723.1	Alveolata
512	KJ418724.1	Alveolata
513	KJ418725.1	Alveolata
514	KJ569459.1	Alveolata
515	KJ569460.1	Alveolata
516	KJ569461.1	Alveolata
517	KJ569462.1	Alveolata
518	KJ569463.1	Alveolata
519	KJ569464.1	Alveolata
520	KJ569465.1	Alveolata
521	KJ569466.1	Alveolata
522	KJ569467.1	Alveolata
523	KJ569468.1	Alveolata
524	KJ569469.1	Alveolata
525	KJ569470.1	Alveolata
526	KJ569471.1	Alveolata
527	KJ569472.1	Alveolata
528	KJ569473.1	Alveolata
529	KJ569476.1	Alveolata
530	KJ569477.1	Alveolata
531	KJ569478.1	Alveolata
532	KJ569479.1	Alveolata
533	KJ569480.1	Alveolata
534	KJ569481.1	Alveolata
535	KJ569482.1	Alveolata
536	KJ569483.1	Alveolata
537	KJ569484.1	Alveolata
538	KJ569485.1	Alveolata
539	KJ569486.1	Alveolata
540	KJ569487.1	Alveolata
541	KJ569488.1	Alveolata
542	KJ569489.1	Alveolata
543	KJ569490.1	Alveolata
544	KJ569491.1	Alveolata
545	KJ569492.1	Alveolata
546	KJ569493.1	Alveolata
547	KJ569494.1	Alveolata
548	KJ569495.1	Alveolata
549	KJ569496.1	Alveolata
550	KJ569497.1	Alveolata
551	KJ569498.1	Alveolata
552	KJ569499.1	Alveolata
553	KJ569500.1	Alveolata
554	KJ569501.1	Alveolata
555	KJ569502.1	Alveolata
556	KT119847.1	Alveolata
557	KT119848.1	Alveolata
558	KT119849.1	Alveolata
559	KT119850.1	Alveolata
560	KT119851.1	Alveolata
561	KT119852.1	Alveolata
562	KT119853.1	Alveolata
563	KT119854.1	Alveolata
564	KT119855.1	Alveolata
565	KT119856.1	Alveolata
566	KT119857.1	Alveolata
567	KT119858.1	Alveolata
568	KT119859.1	Alveolata
569	KT119860.1	Alveolata
570	KT119861.1	Alveolata
571	KT119862.1	Alveolata
572	KT119863.1	Alveolata
573	KT119864.1	Alveolata
574	KT119865.1	Alveolata
575	KT119866.1	Alveolata
576	KT119867.1	Alveolata
577	KT119868.1	Alveolata
578	KT119869.1	Alveolata
579	KT119870.1	Alveolata
580	KT119871.1	Alveolata
581	KT119872.1	Alveolata
582	KT119873.1	Alveolata
583	KT119874.1	Alveolata
584	KT119875.1	Alveolata
585	KT119876.1	Alveolata
586	KT119877.1	Alveolata
587	KT119878.1	Alveolata
588	KT119879.1	Alveolata
589	KT119880.1	Alveolata
590	KT119881.1	Alveolata
591	KT119882.1	Alveolata
592	KT119883.1	Alveolata
593	CP017005.1	Alveolata
594	NC_002235.1	Alveolata
595	KJ569474.1	Alveolata
596	AB302215.1	Alveolata
597	NC_015304.1	Alveolata
598	AY722797.1	Alveolata
599	NC_007232.1	Alveolata
600	AB558173.1	Alveolata
601	NC_015303.1	Alveolata
602	CP086283.1	Alveolata
603	AY282973.1	Alveolata
604	AY282924.1	Alveolata
605	AY282925.1	Alveolata
606	AY282926.1	Alveolata
607	AY282927.1	Alveolata
608	AY282928.1	Alveolata
609	AY282929.1	Alveolata
610	AY282930.1	Alveolata
611	AY282931.1	Alveolata
612	AY282932.1	Alveolata
613	AY282933.1	Alveolata
614	AY282934.1	Alveolata
615	AY282935.1	Alveolata
616	AY282936.1	Alveolata
617	AY282937.1	Alveolata
618	AY282938.1	Alveolata
619	AY282939.1	Alveolata
620	AY282940.1	Alveolata
621	AY282941.1	Alveolata
622	AY282942.1	Alveolata
623	AY282943.1	Alveolata
624	AY282944.1	Alveolata
625	AY282945.1	Alveolata
626	AY282946.1	Alveolata
627	AY282947.1	Alveolata
628	AY282948.1	Alveolata
629	AY282949.1	Alveolata
630	AY282950.1	Alveolata
631	AY282951.1	Alveolata
632	AY282952.1	Alveolata
633	AY282953.1	Alveolata
634	AY282954.1	Alveolata
635	AY282955.1	Alveolata
636	AY282956.1	Alveolata
637	AY282957.1	Alveolata
638	AY282958.1	Alveolata
639	AY282959.1	Alveolata
640	AY282960.1	Alveolata
641	AY282961.1	Alveolata
642	AY282962.1	Alveolata
643	AY282963.1	Alveolata
644	AY282964.1	Alveolata
645	AY282965.1	Alveolata
646	AY282966.1	Alveolata
647	AY282967.1	Alveolata
648	AY282968.1	Alveolata
649	AY282969.1	Alveolata
650	AY282970.1	Alveolata
651	AY282971.1	Alveolata
652	AY282972.1	Alveolata
653	AY282974.1	Alveolata
654	AY282975.1	Alveolata
655	AY282976.1	Alveolata
656	AY282977.1	Alveolata
657	AY282978.1	Alveolata
658	AY282979.1	Alveolata
659	AY282980.1	Alveolata
660	AY282981.1	Alveolata
661	AY282982.1	Alveolata
662	AY282983.1	Alveolata
663	AY282984.1	Alveolata
664	AY282985.1	Alveolata
665	AY282986.1	Alveolata
666	AY282987.1	Alveolata
667	AY282988.1	Alveolata
668	AY282989.1	Alveolata
669	AY282990.1	Alveolata
670	AY282991.1	Alveolata
671	AY282992.1	Alveolata
672	AY282993.1	Alveolata
673	AY282994.1	Alveolata
674	AY282995.1	Alveolata
675	AY282996.1	Alveolata
676	AY282997.1	Alveolata
677	AY282998.1	Alveolata
678	AY282999.1	Alveolata
679	AY283000.1	Alveolata
680	AY283001.1	Alveolata
681	AY283002.1	Alveolata
682	AY283003.1	Alveolata
683	AY283004.1	Alveolata
684	AY283005.1	Alveolata
685	AY283006.1	Alveolata
686	AY283007.1	Alveolata
687	AY283008.1	Alveolata
688	AY283009.1	Alveolata
689	AY283010.1	Alveolata
690	AY283011.1	Alveolata
691	AY283012.1	Alveolata
692	AY283013.1	Alveolata
693	AY283014.1	Alveolata
694	AY283015.1	Alveolata
695	AY283016.1	Alveolata
696	AY283017.1	Alveolata
697	AY283018.1	Alveolata
698	AY283019.1	Alveolata
699	DQ396547.1	Alveolata
700	DQ396548.1	Alveolata
701	DQ396549.1	Alveolata
702	MN605891.1	Alveolata
703	MN605892.1	Alveolata
704	AB299369.1	Alveolata
705	NC_009336.1	Alveolata
706	MW491387.1	Alveolata
707	NC_011005.1	Alveolata
708	FJ168561.1	Alveolata
709	NC_012447.1	Alveolata
710	MH107387.1	Alveolata
711	NC_039721.1	Alveolata
712	KC138226.1	Alveolata
713	AB570519.1	Alveolata
714	AB570628.1	Alveolata
715	AB570640.1	Alveolata
716	AB570646.1	Alveolata
717	AB570652.1	Alveolata
718	AB570654.1	Alveolata
719	AB570659.1	Alveolata
720	AB570667.1	Alveolata
721	AB570669.1	Alveolata
722	AB570671.1	Alveolata
723	AB570672.1	Alveolata
724	AB570441.1	Alveolata
725	AB570434.1	Alveolata
726	AB570435.1	Alveolata
727	AB570436.1	Alveolata
728	AB570437.1	Alveolata
729	AB570438.1	Alveolata
730	AB570439.1	Alveolata
731	AB570440.1	Alveolata
732	AB570442.1	Alveolata
733	AB570443.1	Alveolata
734	AB570444.1	Alveolata
735	AB570445.1	Alveolata
736	AB570446.1	Alveolata
737	AB570447.1	Alveolata
738	AB570448.1	Alveolata
739	AB570449.1	Alveolata
740	AB570450.1	Alveolata
741	AB570451.1	Alveolata
742	AB570452.1	Alveolata
743	AB570453.1	Alveolata
744	AB570454.1	Alveolata
745	AB570455.1	Alveolata
746	AB570456.1	Alveolata
747	AB570457.1	Alveolata
748	AB570458.1	Alveolata
749	AB570459.1	Alveolata
750	AB570460.1	Alveolata
751	AB570461.1	Alveolata
752	AB570462.1	Alveolata
753	AB570463.1	Alveolata
754	AB570465.1	Alveolata
755	AB570466.1	Alveolata
756	AB570467.1	Alveolata
757	AB570468.1	Alveolata
758	AB570469.1	Alveolata
759	AB570470.1	Alveolata
760	AB570471.1	Alveolata
761	AB570472.1	Alveolata
762	AB570473.1	Alveolata
763	AB570474.1	Alveolata
764	AB570475.1	Alveolata
765	AB570476.1	Alveolata
766	AB570477.1	Alveolata
767	AB570478.1	Alveolata
768	AB570479.1	Alveolata
769	AB570480.1	Alveolata
770	AB570481.1	Alveolata
771	AB570482.1	Alveolata
772	AB570483.1	Alveolata
773	AB570484.1	Alveolata
774	AB570485.1	Alveolata
775	AB570486.1	Alveolata
776	AB570487.1	Alveolata
777	AB570488.1	Alveolata
778	AB570489.1	Alveolata
779	AB570490.1	Alveolata
780	AB570491.1	Alveolata
781	AB570492.1	Alveolata
782	AB570493.1	Alveolata
783	AB570494.1	Alveolata
784	AB570495.1	Alveolata
785	AB570496.1	Alveolata
786	AB570497.1	Alveolata
787	AB570498.1	Alveolata
788	AB570499.1	Alveolata
789	AB570500.1	Alveolata
790	AB570501.1	Alveolata
791	AB570502.1	Alveolata
792	AB570503.1	Alveolata
793	AB570504.1	Alveolata
794	AB570505.1	Alveolata
795	AB570506.1	Alveolata
796	AB570507.1	Alveolata
797	AB570508.1	Alveolata
798	AB570509.1	Alveolata
799	AB570510.1	Alveolata
800	AB570511.1	Alveolata
801	AB570512.1	Alveolata
802	AB570513.1	Alveolata
803	AB570514.1	Alveolata
804	AB570515.1	Alveolata
805	AB570516.1	Alveolata
806	AB570517.1	Alveolata
807	AB570518.1	Alveolata
808	AB570520.1	Alveolata
809	AB570521.1	Alveolata
810	AB570522.1	Alveolata
811	AB570523.1	Alveolata
812	AB570524.1	Alveolata
813	AB570525.1	Alveolata
814	AB570526.1	Alveolata
815	AB570527.1	Alveolata
816	AB570528.1	Alveolata
817	AB570529.1	Alveolata
818	AB570530.1	Alveolata
819	AB570531.1	Alveolata
820	AB570532.1	Alveolata
821	AB570533.1	Alveolata
822	AB570534.1	Alveolata
823	AB570535.1	Alveolata
824	AB570536.1	Alveolata
825	AB570537.1	Alveolata
826	AB570538.1	Alveolata
827	AB570539.1	Alveolata
828	AB570540.1	Alveolata
829	AB570541.1	Alveolata
830	AB570542.1	Alveolata
831	AB570543.1	Alveolata
832	AB570544.1	Alveolata
833	AB570545.1	Alveolata
834	AB570546.1	Alveolata
835	AB570547.1	Alveolata
836	AB570548.1	Alveolata
837	AB570549.1	Alveolata
838	AB570550.1	Alveolata
839	AB570551.1	Alveolata
840	AB570552.1	Alveolata
841	AB570553.1	Alveolata
842	AB570554.1	Alveolata
843	AB570555.1	Alveolata
844	AB570556.1	Alveolata
845	AB570557.1	Alveolata
846	AB570558.1	Alveolata
847	AB570559.1	Alveolata
848	AB570560.1	Alveolata
849	AB570561.1	Alveolata
850	AB570562.1	Alveolata
851	AB570563.1	Alveolata
852	AB570564.1	Alveolata
853	AB570565.1	Alveolata
854	AB570566.1	Alveolata
855	AB570567.1	Alveolata
856	AB570568.1	Alveolata
857	AB570569.1	Alveolata
858	AB570570.1	Alveolata
859	AB570571.1	Alveolata
860	AB570572.1	Alveolata
861	AB570573.1	Alveolata
862	AB570574.1	Alveolata
863	AB570575.1	Alveolata
864	AB570576.1	Alveolata
865	AB570577.1	Alveolata
866	AB570578.1	Alveolata
867	AB570579.1	Alveolata
868	AB570580.1	Alveolata
869	AB570581.1	Alveolata
870	AB570582.1	Alveolata
871	AB570583.1	Alveolata
872	AB570584.1	Alveolata
873	AB570585.1	Alveolata
874	AB570586.1	Alveolata
875	AB570587.1	Alveolata
876	AB570588.1	Alveolata
877	AB570589.1	Alveolata
878	AB570590.1	Alveolata
879	AB570591.1	Alveolata
880	AB570592.1	Alveolata
881	AB570593.1	Alveolata
882	AB570594.1	Alveolata
883	AB570595.1	Alveolata
884	AB570596.1	Alveolata
885	AB570597.1	Alveolata
886	AB570598.1	Alveolata
887	AB570599.1	Alveolata
888	AB570600.1	Alveolata
889	AB570601.1	Alveolata
890	AB570602.1	Alveolata
891	AB570603.1	Alveolata
892	AB570604.1	Alveolata
893	AB570605.1	Alveolata
894	AB570606.1	Alveolata
895	AB570607.1	Alveolata
896	AB570608.1	Alveolata
897	AB570609.1	Alveolata
898	AB570610.1	Alveolata
899	AB570611.1	Alveolata
900	AB570612.1	Alveolata
901	AB570613.1	Alveolata
902	AB570614.1	Alveolata
903	AB570615.1	Alveolata
904	AB570616.1	Alveolata
905	AB570617.1	Alveolata
906	AB570618.1	Alveolata
907	AB570619.1	Alveolata
908	AB570620.1	Alveolata
909	AB570621.1	Alveolata
910	AB570622.1	Alveolata
911	AB570623.1	Alveolata
912	AB570624.1	Alveolata
913	AB570625.1	Alveolata
914	AB570626.1	Alveolata
915	AB570627.1	Alveolata
916	AB570629.1	Alveolata
917	AB570630.1	Alveolata
918	AB570631.1	Alveolata
919	AB570632.1	Alveolata
920	AB570633.1	Alveolata
921	AB570634.1	Alveolata
922	AB570635.1	Alveolata
923	AB570636.1	Alveolata
924	AB570637.1	Alveolata
925	AB570638.1	Alveolata
926	AB570639.1	Alveolata
927	AB570641.1	Alveolata
928	AB570642.1	Alveolata
929	AB570643.1	Alveolata
930	AB570644.1	Alveolata
931	AB570645.1	Alveolata
932	AB570647.1	Alveolata
933	AB570648.1	Alveolata
934	AB570649.1	Alveolata
935	AB570650.1	Alveolata
936	AB570651.1	Alveolata
937	AB570653.1	Alveolata
938	AB570655.1	Alveolata
939	AB570656.1	Alveolata
940	AB570657.1	Alveolata
941	AB570658.1	Alveolata
942	AB570660.1	Alveolata
943	AB570661.1	Alveolata
944	AB570662.1	Alveolata
945	AB570663.1	Alveolata
946	AB570664.1	Alveolata
947	AB570665.1	Alveolata
948	AB570666.1	Alveolata
949	AB570668.1	Alveolata
950	AB570670.1	Alveolata
951	AB570673.1	Alveolata
952	AB570674.1	Alveolata
953	AB570675.1	Alveolata
954	AB570676.1	Alveolata
955	AB570677.1	Alveolata
956	AB570678.1	Alveolata
957	AB570679.1	Alveolata
958	AB570680.1	Alveolata
959	AB570681.1	Alveolata
960	AB570682.1	Alveolata
961	AB570683.1	Alveolata
962	AB570684.1	Alveolata
963	AB570685.1	Alveolata
964	AB570686.1	Alveolata
965	AB570687.1	Alveolata
966	AB570688.1	Alveolata
967	AB570689.1	Alveolata
968	AB570690.1	Alveolata
969	AB570691.1	Alveolata
970	AB570692.1	Alveolata
971	AB570693.1	Alveolata
972	AB570694.1	Alveolata
973	AB570695.1	Alveolata
974	AB570696.1	Alveolata
975	AB570697.1	Alveolata
976	AB570698.1	Alveolata
977	AB570699.1	Alveolata
978	AB570700.1	Alveolata
979	AB570701.1	Alveolata
980	AB570702.1	Alveolata
981	AB570703.1	Alveolata
982	AB570704.1	Alveolata
983	AB570705.1	Alveolata
984	AB570706.1	Alveolata
985	AB570707.1	Alveolata
986	AB570708.1	Alveolata
987	AB570709.1	Alveolata
988	AB570710.1	Alveolata
989	AB570711.1	Alveolata
990	AB570712.1	Alveolata
991	AB570713.1	Alveolata
992	AB570714.1	Alveolata
993	AB570715.1	Alveolata
994	AB570716.1	Alveolata
995	AB570717.1	Alveolata
996	AB570718.1	Alveolata
997	AB570719.1	Alveolata
998	AB570720.1	Alveolata
999	AB570721.1	Alveolata
1000	AB570722.1	Alveolata
1001	AB570723.1	Alveolata
1002	AB570724.1	Alveolata
1003	AB570725.1	Alveolata
1004	AB570726.1	Alveolata
1005	AB570727.1	Alveolata
1006	AB570728.1	Alveolata
1007	AB570729.1	Alveolata
1008	AB570730.1	Alveolata
1009	AB570731.1	Alveolata
1010	AB570732.1	Alveolata
1011	AB570733.1	Alveolata
1012	AB570734.1	Alveolata
1013	AB570735.1	Alveolata
1014	AB570736.1	Alveolata
1015	AB570737.1	Alveolata
1016	AB570738.1	Alveolata
1017	AB570739.1	Alveolata
1018	AB570740.1	Alveolata
1019	AB570741.1	Alveolata
1020	AB570742.1	Alveolata
1021	AB570743.1	Alveolata
1022	AB570744.1	Alveolata
1023	AB570745.1	Alveolata
1024	AB570746.1	Alveolata
1025	AB570747.1	Alveolata
1026	AB570748.1	Alveolata
1027	AB570749.1	Alveolata
1028	AB570750.1	Alveolata
1029	AB570751.1	Alveolata
1030	AB570752.1	Alveolata
1031	AB570753.1	Alveolata
1032	AB570754.1	Alveolata
1033	AB570755.1	Alveolata
1034	AB570756.1	Alveolata
1035	AB570757.1	Alveolata
1036	AB570758.1	Alveolata
1037	AB570759.1	Alveolata
1038	AB570760.1	Alveolata
1039	AB570761.1	Alveolata
1040	AB570762.1	Alveolata
1041	AB570763.1	Alveolata
1042	AB570764.1	Alveolata
1043	AB570765.1	Alveolata
1044	AB570766.1	Alveolata
1045	AB570767.1	Alveolata
1046	AB570768.1	Alveolata
1047	AB570769.1	Alveolata
1048	AB570770.1	Alveolata
1049	AB570771.1	Alveolata
1050	AB570772.1	Alveolata
1051	AB570773.1	Alveolata
1052	AB570774.1	Alveolata
1053	AB570775.1	Alveolata
1054	AB570776.1	Alveolata
1055	AB570777.1	Alveolata
1056	AB570778.1	Alveolata
1057	AB570779.1	Alveolata
1058	AB570780.1	Alveolata
1059	AB570781.1	Alveolata
1060	AB570782.1	Alveolata
1061	AB570783.1	Alveolata
1062	AB570784.1	Alveolata
1063	AB570785.1	Alveolata
1064	AB570786.1	Alveolata
1065	AB570787.1	Alveolata
1066	AB570788.1	Alveolata
1067	AB570789.1	Alveolata
1068	AB570790.1	Alveolata
1069	AB570791.1	Alveolata
1070	AB570792.1	Alveolata
1071	AB570793.1	Alveolata
1072	AB570794.1	Alveolata
1073	AB570795.1	Alveolata
1074	AB570796.1	Alveolata
1075	AB570797.1	Alveolata
1076	AB570798.1	Alveolata
1077	AB570799.1	Alveolata
1078	AB570800.1	Alveolata
1079	AB570801.1	Alveolata
1080	AB570802.1	Alveolata
1081	AB570803.1	Alveolata
1082	AB570804.1	Alveolata
1083	AB570805.1	Alveolata
1084	AB570806.1	Alveolata
1085	AB570807.1	Alveolata
1086	AB570808.1	Alveolata
1087	AB570809.1	Alveolata
1088	AB570810.1	Alveolata
1089	AB570811.1	Alveolata
1090	AB570812.1	Alveolata
1091	AB570813.1	Alveolata
1092	AB570814.1	Alveolata
1093	AB570815.1	Alveolata
1094	AB570816.1	Alveolata
1095	AB570817.1	Alveolata
1096	AB570818.1	Alveolata
1097	AB570819.1	Alveolata
1098	AB570820.1	Alveolata
1099	AB570821.1	Alveolata
1100	AB570822.1	Alveolata
1101	AB570823.1	Alveolata
1102	AB570824.1	Alveolata
1103	AB570825.1	Alveolata
1104	AB570826.1	Alveolata
1105	AB570827.1	Alveolata
1106	AB570828.1	Alveolata
1107	AB570829.1	Alveolata
1108	AB570830.1	Alveolata
1109	AB570831.1	Alveolata
1110	AB570832.1	Alveolata
1111	AB570833.1	Alveolata
1112	AB570834.1	Alveolata
1113	AB570835.1	Alveolata
1114	AB570836.1	Alveolata
1115	AB570837.1	Alveolata
1116	AB570838.1	Alveolata
1117	AB570839.1	Alveolata
1118	AB570840.1	Alveolata
1119	AB570841.1	Alveolata
1120	AB570842.1	Alveolata
1121	AB570843.1	Alveolata
1122	AB570844.1	Alveolata
1123	AB570845.1	Alveolata
1124	AB570846.1	Alveolata
1125	AB570847.1	Alveolata
1126	AB570848.1	Alveolata
1127	AB570849.1	Alveolata
1128	AB570850.1	Alveolata
1129	AB570851.1	Alveolata
1130	AB570852.1	Alveolata
1131	AB570853.1	Alveolata
1132	AB570854.1	Alveolata
1133	AB570855.1	Alveolata
1134	AB570856.1	Alveolata
1135	AB570857.1	Alveolata
1136	AB570858.1	Alveolata
1137	AB570859.1	Alveolata
1138	AB570860.1	Alveolata
1139	AB570861.1	Alveolata
1140	AB570862.1	Alveolata
1141	AB570863.1	Alveolata
1142	AB570864.1	Alveolata
1143	AB570865.1	Alveolata
1144	AB570866.1	Alveolata
1145	AB570867.1	Alveolata
1146	AB570868.1	Alveolata
1147	AB570869.1	Alveolata
1148	AB570870.1	Alveolata
1149	AB570871.1	Alveolata
1150	AB570872.1	Alveolata
1151	AB570873.1	Alveolata
1152	AB570874.1	Alveolata
1153	AB570875.1	Alveolata
1154	AB570876.1	Alveolata
1155	AB570877.1	Alveolata
1156	AB570878.1	Alveolata
1157	AB570879.1	Alveolata
1158	AB570880.1	Alveolata
1159	AB570881.1	Alveolata
1160	AB570882.1	Alveolata
1161	AB570883.1	Alveolata
1162	AB570884.1	Alveolata
1163	AB570885.1	Alveolata
1164	AB570886.1	Alveolata
1165	AB570887.1	Alveolata
1166	AB570888.1	Alveolata
1167	AB570889.1	Alveolata
1168	AB570890.1	Alveolata
1169	AB570891.1	Alveolata
1170	AB570892.1	Alveolata
1171	AB570893.1	Alveolata
1172	AB570894.1	Alveolata
1173	AB570895.1	Alveolata
1174	AB570896.1	Alveolata
1175	AB570897.1	Alveolata
1176	AB570898.1	Alveolata
1177	AB570899.1	Alveolata
1178	AB570900.1	Alveolata
1179	AB570901.1	Alveolata
1180	AB570902.1	Alveolata
1181	AB570903.1	Alveolata
1182	AB570904.1	Alveolata
1183	AB570905.1	Alveolata
1184	AB570906.1	Alveolata
1185	AB570907.1	Alveolata
1186	AB570908.1	Alveolata
1187	AB570909.1	Alveolata
1188	AB570910.1	Alveolata
1189	AB570911.1	Alveolata
1190	AB570912.1	Alveolata
1191	AB570913.1	Alveolata
1192	AB570914.1	Alveolata
1193	AB570915.1	Alveolata
1194	AB570916.1	Alveolata
1195	AB570917.1	Alveolata
1196	AB570918.1	Alveolata
1197	AB570919.1	Alveolata
1198	AB570920.1	Alveolata
1199	AB570921.1	Alveolata
1200	AB570922.1	Alveolata
1201	AB570923.1	Alveolata
1202	AB570924.1	Alveolata
1203	AB570925.1	Alveolata
1204	AB570926.1	Alveolata
1205	AB570927.1	Alveolata
1206	AB570928.1	Alveolata
1207	AB570929.1	Alveolata
1208	AB570930.1	Alveolata
1209	AB570931.1	Alveolata
1210	AB570932.1	Alveolata
1211	AB570933.1	Alveolata
1212	AB570934.1	Alveolata
1213	AB570935.1	Alveolata
1214	AB570936.1	Alveolata
1215	AB570937.1	Alveolata
1216	AB570938.1	Alveolata
1217	AB570939.1	Alveolata
1218	AB570940.1	Alveolata
1219	AB570941.1	Alveolata
1220	AB570942.1	Alveolata
1221	AB570943.1	Alveolata
1222	AB570944.1	Alveolata
1223	AB570945.1	Alveolata
1224	AB570946.1	Alveolata
1225	AB570947.1	Alveolata
1226	AB570948.1	Alveolata
1227	AB570949.1	Alveolata
1228	AB570950.1	Alveolata
1229	AB570951.1	Alveolata
1230	AB570952.1	Alveolata
1231	AB570953.1	Alveolata
1232	AB570954.1	Alveolata
1233	AB570955.1	Alveolata
1234	AB570956.1	Alveolata
1235	AB570957.1	Alveolata
1236	AB570958.1	Alveolata
1237	AB570959.1	Alveolata
1238	AB570960.1	Alveolata
1239	AB570961.1	Alveolata
1240	AB570962.1	Alveolata
1241	AB570963.1	Alveolata
1242	AB570964.1	Alveolata
1243	AB570965.1	Alveolata
1244	AB570966.1	Alveolata
1245	AB570967.1	Alveolata
1246	AB570968.1	Alveolata
1247	AB570969.1	Alveolata
1248	AB570970.1	Alveolata
1249	AB570971.1	Alveolata
1250	AB570972.1	Alveolata
1251	AB570974.1	Alveolata
1252	AB570975.1	Alveolata
1253	AB570976.1	Alveolata
1254	AB570977.1	Alveolata
1255	AB570978.1	Alveolata
1256	AB570979.1	Alveolata
1257	AB570980.1	Alveolata
1258	AB570981.1	Alveolata
1259	AB570982.1	Alveolata
1260	AB570983.1	Alveolata
1261	AB570984.1	Alveolata
1262	AB570985.1	Alveolata
1263	AB570986.1	Alveolata
1264	AB570987.1	Alveolata
1265	AB570988.1	Alveolata
1266	AB570989.1	Alveolata
1267	AB570990.1	Alveolata
1268	AB570991.1	Alveolata
1269	AB570992.1	Alveolata
1270	AB570993.1	Alveolata
1271	AB570994.1	Alveolata
1272	AB570973.1	Alveolata
1273	KY923501.1	Alveolata
1274	KY923502.1	Alveolata
1275	KY923503.1	Alveolata
1276	KY923504.1	Alveolata
1277	KY923505.1	Alveolata
1278	KY923506.1	Alveolata
1279	KY923507.1	Alveolata
1280	KY923508.1	Alveolata
1281	KY923509.1	Alveolata
1282	KY923510.1	Alveolata
1283	KY923511.1	Alveolata
1284	KY923512.1	Alveolata
1285	KY923513.1	Alveolata
1286	KY923514.1	Alveolata
1287	KY923515.1	Alveolata
1288	KY923516.1	Alveolata
1289	KY923517.1	Alveolata
1290	KY923518.1	Alveolata
1291	KY923519.1	Alveolata
1292	KY923520.1	Alveolata
1293	KY923521.1	Alveolata
1294	KY923522.1	Alveolata
1295	KY923523.1	Alveolata
1296	KY923524.1	Alveolata
1297	KY923525.1	Alveolata
1298	KY923526.1	Alveolata
1299	KY923527.1	Alveolata
1300	KY923528.1	Alveolata
1301	KY923529.1	Alveolata
1302	KY923530.1	Alveolata
1303	KY923531.1	Alveolata
1304	KY923532.1	Alveolata
1305	KY923533.1	Alveolata
1306	KY923534.1	Alveolata
1307	KY923535.1	Alveolata
1308	KY923536.1	Alveolata
1309	KY923537.1	Alveolata
1310	KY923538.1	Alveolata
1311	KY923539.1	Alveolata
1312	KY923540.1	Alveolata
1313	KY923541.1	Alveolata
1314	KY923542.1	Alveolata
1315	KY923543.1	Alveolata
1316	KY923544.1	Alveolata
1317	KY923545.1	Alveolata
1318	KY923546.1	Alveolata
1319	KY923547.1	Alveolata
1320	KY923548.1	Alveolata
1321	KY923549.1	Alveolata
1322	KY923550.1	Alveolata
1323	KY923551.1	Alveolata
1324	KY923552.1	Alveolata
1325	KY923553.1	Alveolata
1326	KY923554.1	Alveolata
1327	KY923555.1	Alveolata
1328	KY923556.1	Alveolata
1329	KY923557.1	Alveolata
1330	KY923558.1	Alveolata
1331	KY923559.1	Alveolata
1332	KY923560.1	Alveolata
1333	KY923561.1	Alveolata
1334	KY923562.1	Alveolata
1335	KY923563.1	Alveolata
1336	KY923564.1	Alveolata
1337	KY923565.1	Alveolata
1338	KY923566.1	Alveolata
1339	KY923567.1	Alveolata
1340	KY923568.1	Alveolata
1341	KY923569.1	Alveolata
1342	KY923570.1	Alveolata
1343	KY923571.1	Alveolata
1344	KY923572.1	Alveolata
1345	KY923573.1	Alveolata
1346	KY923574.1	Alveolata
1347	KY923575.1	Alveolata
1348	KY923576.1	Alveolata
1349	KY923577.1	Alveolata
1350	KY923578.1	Alveolata
1351	KY923579.1	Alveolata
1352	KY923580.1	Alveolata
1353	KY923581.1	Alveolata
1354	KY923582.1	Alveolata
1355	KY923583.1	Alveolata
1356	KY923584.1	Alveolata
1357	KY923585.1	Alveolata
1358	KY923586.1	Alveolata
1359	KY923587.1	Alveolata
1360	KY923588.1	Alveolata
1361	KY923589.1	Alveolata
1362	KY923590.1	Alveolata
1363	KY923591.1	Alveolata
1364	KY923592.1	Alveolata
1365	KY923593.1	Alveolata
1366	KY923594.1	Alveolata
1367	KY923595.1	Alveolata
1368	KY923596.1	Alveolata
1369	KY923597.1	Alveolata
1370	KY923598.1	Alveolata
1371	KY923599.1	Alveolata
1372	KY923600.1	Alveolata
1373	KY923601.1	Alveolata
1374	KY923602.1	Alveolata
1375	KY923603.1	Alveolata
1376	KY923604.1	Alveolata
1377	KY923605.1	Alveolata
1378	KY923606.1	Alveolata
1379	KY923607.1	Alveolata
1380	KY923608.1	Alveolata
1381	KY923609.1	Alveolata
1382	KY923610.1	Alveolata
1383	KY923611.1	Alveolata
1384	KY923612.1	Alveolata
1385	KY923613.1	Alveolata
1386	KY923614.1	Alveolata
1387	KY923615.1	Alveolata
1388	KY923616.1	Alveolata
1389	KY923617.1	Alveolata
1390	KY923618.1	Alveolata
1391	KY923619.1	Alveolata
1392	KY923620.1	Alveolata
1393	KY923621.1	Alveolata
1394	KY923622.1	Alveolata
1395	KY923623.1	Alveolata
1396	KY923624.1	Alveolata
1397	KY923625.1	Alveolata
1398	KY923626.1	Alveolata
1399	KY923627.1	Alveolata
1400	KY923628.1	Alveolata
1401	KY923629.1	Alveolata
1402	KY923630.1	Alveolata
1403	KY923631.1	Alveolata
1404	KY923632.1	Alveolata
1405	KY923633.1	Alveolata
1406	KY923634.1	Alveolata
1407	KY923635.1	Alveolata
1408	KY923636.1	Alveolata
1409	KY923637.1	Alveolata
1410	KY923638.1	Alveolata
1411	KY923639.1	Alveolata
1412	KY923640.1	Alveolata
1413	KY923641.1	Alveolata
1414	KY923642.1	Alveolata
1415	KY923643.1	Alveolata
1416	KY923644.1	Alveolata
1417	KY923645.1	Alveolata
1418	KY923646.1	Alveolata
1419	KY923647.1	Alveolata
1420	KY923425.1	Alveolata
1421	KY923426.1	Alveolata
1422	KY923427.1	Alveolata
1423	KY923428.1	Alveolata
1424	KY923429.1	Alveolata
1425	KY923430.1	Alveolata
1426	KY923431.1	Alveolata
1427	KY923432.1	Alveolata
1428	KY923433.1	Alveolata
1429	KY923434.1	Alveolata
1430	KY923435.1	Alveolata
1431	KY923436.1	Alveolata
1432	KY923437.1	Alveolata
1433	KY923438.1	Alveolata
1434	KY923439.1	Alveolata
1435	KY923440.1	Alveolata
1436	KY923441.1	Alveolata
1437	KY923442.1	Alveolata
1438	KY923443.1	Alveolata
1439	KY923444.1	Alveolata
1440	KY923445.1	Alveolata
1441	KY923446.1	Alveolata
1442	KY923447.1	Alveolata
1443	KY923448.1	Alveolata
1444	KY923450.1	Alveolata
1445	KY923451.1	Alveolata
1446	KY923452.1	Alveolata
1447	KY923453.1	Alveolata
1448	KY923454.1	Alveolata
1449	KY923455.1	Alveolata
1450	KY923456.1	Alveolata
1451	KY923457.1	Alveolata
1452	KY923458.1	Alveolata
1453	KY923459.1	Alveolata
1454	KY923460.1	Alveolata
1455	KY923461.1	Alveolata
1456	KY923462.1	Alveolata
1457	KY923463.1	Alveolata
1458	KY923464.1	Alveolata
1459	KY923465.1	Alveolata
1460	KY923466.1	Alveolata
1461	KY923467.1	Alveolata
1462	KY923468.1	Alveolata
1463	KY923469.1	Alveolata
1464	KY923470.1	Alveolata
1465	KY923471.1	Alveolata
1466	KY923472.1	Alveolata
1467	KY923473.1	Alveolata
1468	KY923474.1	Alveolata
1469	KY923475.1	Alveolata
1470	KY923476.1	Alveolata
1471	KY923477.1	Alveolata
1472	KY923478.1	Alveolata
1473	KY923479.1	Alveolata
1474	KY923480.1	Alveolata
1475	KY923481.1	Alveolata
1476	KY923482.1	Alveolata
1477	KY923483.1	Alveolata
1478	KY923484.1	Alveolata
1479	KY923485.1	Alveolata
1480	KY923486.1	Alveolata
1481	KY923487.1	Alveolata
1482	KY923488.1	Alveolata
1483	KY923489.1	Alveolata
1484	KY923490.1	Alveolata
1485	KY923491.1	Alveolata
1486	KY923492.1	Alveolata
1487	KY923493.1	Alveolata
1488	KY923494.1	Alveolata
1489	KY923495.1	Alveolata
1490	KY923496.1	Alveolata
1491	KY923497.1	Alveolata
1492	KY923498.1	Alveolata
1493	KY923499.1	Alveolata
1494	KY923500.1	Alveolata
1495	JX444723.1	Alveolata
1496	AB570464.1	Alveolata
1497	AB550270.1	Alveolata
1498	AB550271.1	Alveolata
1499	AB550272.1	Alveolata
1500	AB550273.1	Alveolata
1501	AB550274.1	Alveolata
1502	AB550275.1	Alveolata
1503	JX444721.1	Alveolata
1504	JX444725.1	Alveolata
1505	NC_028626.1	Alveolata
1506	OM735582.1	Alveolata
1507	AB550276.1	Alveolata
1508	AB550277.1	Alveolata
1509	AB550278.1	Alveolata
1510	AB550279.1	Alveolata
1511	AB550280.1	Alveolata
1512	JX444724.1	Alveolata
1513	JX444726.1	Alveolata
1514	JX444719.1	Alveolata
1515	JX444720.1	Alveolata
1516	JX444722.1	Alveolata
1517	KY923373.1	Alveolata
1518	KY923374.1	Alveolata
1519	KY923375.1	Alveolata
1520	KY923376.1	Alveolata
1521	KY923377.1	Alveolata
1522	KY923378.1	Alveolata
1523	KY923379.1	Alveolata
1524	KY923380.1	Alveolata
1525	KY923381.1	Alveolata
1526	KY923382.1	Alveolata
1527	KY923383.1	Alveolata
1528	KY923384.1	Alveolata
1529	KY923385.1	Alveolata
1530	KY923386.1	Alveolata
1531	KY923387.1	Alveolata
1532	KY923388.1	Alveolata
1533	KY923389.1	Alveolata
1534	KY923390.1	Alveolata
1535	KY923391.1	Alveolata
1536	KY923392.1	Alveolata
1537	KY923393.1	Alveolata
1538	KY923394.1	Alveolata
1539	KY923395.1	Alveolata
1540	KY923396.1	Alveolata
1541	KY923397.1	Alveolata
1542	KY923398.1	Alveolata
1543	KY923399.1	Alveolata
1544	KY923400.1	Alveolata
1545	KY923401.1	Alveolata
1546	KY923402.1	Alveolata
1547	KY923403.1	Alveolata
1548	KY923404.1	Alveolata
1549	KY923405.1	Alveolata
1550	KY923406.1	Alveolata
1551	KY923407.1	Alveolata
1552	KY923408.1	Alveolata
1553	KY923409.1	Alveolata
1554	KY923410.1	Alveolata
1555	KY923411.1	Alveolata
1556	KY923412.1	Alveolata
1557	KY923413.1	Alveolata
1558	KY923414.1	Alveolata
1559	KY923415.1	Alveolata
1560	KY923416.1	Alveolata
1561	KY923417.1	Alveolata
1562	KY923418.1	Alveolata
1563	KY923419.1	Alveolata
1564	KY923420.1	Alveolata
1565	KY923421.1	Alveolata
1566	KY923422.1	Alveolata
1567	KY923423.1	Alveolata
1568	KY923424.1	Alveolata
1569	JN788740.1	Alveolata
1570	JN788754.1	Alveolata
1571	JN788738.1	Alveolata
1572	JN788739.1	Alveolata
1573	JN788741.1	Alveolata
1574	JN788743.1	Alveolata
1575	JN788744.1	Alveolata
1576	JN788746.1	Alveolata
1577	JN788749.1	Alveolata
1578	JN788750.1	Alveolata
1579	JN788751.1	Alveolata
1580	JN788753.1	Alveolata
1581	JN788755.1	Alveolata
1582	JN788756.1	Alveolata
1583	JN788758.1	Alveolata
1584	JN788760.1	Alveolata
1585	JN788761.1	Alveolata
1586	JN788763.1	Alveolata
1587	JN788764.1	Alveolata
1588	JN788766.1	Alveolata
1589	JN788737.1	Alveolata
1590	JN788742.1	Alveolata
1591	JN788745.1	Alveolata
1592	JN788747.1	Alveolata
1593	JN788748.1	Alveolata
1594	JN788752.1	Alveolata
1595	JN788757.1	Alveolata
1596	JN788759.1	Alveolata
1597	JN788762.1	Alveolata
1598	JN788765.1	Alveolata
1599	JN788768.1	Alveolata
1600	JN788770.1	Alveolata
1601	JN788771.1	Alveolata
1602	JN788772.1	Alveolata
1603	JN788773.1	Alveolata
1604	JN788774.1	Alveolata
1605	JN788775.1	Alveolata
1606	JN788767.1	Alveolata
1607	JN788769.1	Alveolata
1608	JN788776.1	Alveolata
1609	AB685182.1	Alveolata
1610	AB685183.1	Alveolata
1611	AB685184.1	Alveolata
1612	JX893151.1	Alveolata
1613	KP666169.1	Alveolata
1614	JX893150.1	Alveolata
1615	JX893152.1	Alveolata
1616	JX893153.1	Alveolata
1617	JX893154.1	Alveolata
1618	MN605889.1	Alveolata
1619	MN605890.1	Alveolata
1620	MW172716.1	Alveolata
1621	NC_053925.1	Alveolata
1622	MW218514.1	Alveolata
1623	MW172707.1	Alveolata
1624	MW172708.1	Alveolata
1625	MW172709.1	Alveolata
1626	MW172710.1	Alveolata
1627	MW172711.1	Alveolata
1628	MW172712.1	Alveolata
1629	MW172713.1	Alveolata
1630	MW172714.1	Alveolata
1631	MW172715.1	Alveolata
1632	MW172717.1	Alveolata
1633	NC_053926.1	Alveolata
1634	KX698109.1	Alveolata
1635	KY923449.1	Alveolata
1636	MK962313.1	Alveolata
1637	MK962314.1	Alveolata
1638	JX893155.1	Alveolata
1639	MW491389.1	Alveolata
1640	MW491390.1	Alveolata
1641	MW491388.1	Alveolata
1642	MW971521.1	Stramenopiles
1643	KY021079.1	Stramenopiles
1644	NC_032029.1	Stramenopiles
1645	BK059196.1	Stramenopiles
1646	NC_063815.1	Stramenopiles
1647	GU138662.1	Stramenopiles
1648	NC_014280.1	Stramenopiles
1649	GU138663.1	Stramenopiles
1650	NC_003055.1	Stramenopiles
1651	MW849263.1	Stramenopiles
1652	MW438350.1	Stramenopiles
1653	NC_057169.1	Stramenopiles
1654	AP014838.1	Stramenopiles
1655	NC_027966.1	Stramenopiles
1656	MW849269.1	Stramenopiles
1657	LC650202.1	Stramenopiles
1658	MZ156046.1	Stramenopiles
1659	MZ156047.1	Stramenopiles
1660	MW013552.1	Stramenopiles
1661	BK059195.1	Stramenopiles
1662	NC_063814.1	Stramenopiles
1663	MW849268.1	Stramenopiles
1664	NC_063457.1	Stramenopiles
1665	KX405004.1	Stramenopiles
1666	NC_032051.1	Stramenopiles
1667	MT383639.1	Stramenopiles
1668	NC_056788.1	Stramenopiles
1669	KX405005.1	Stramenopiles
1670	NC_032052.1	Stramenopiles
1671	MH800316.1	Stramenopiles
1672	GU563431.1	Stramenopiles
1673	NC_014338.1	Stramenopiles
1674	MW645081.1	Stramenopiles
1675	KX343079.1	Stramenopiles
1676	NC_031848.1	Stramenopiles
1677	MG271846.1	Stramenopiles
1678	NC_037987.1	Stramenopiles
1679	MW645083.1	Stramenopiles
1680	KF226725.1	Stramenopiles
1681	NC_022179.1	Stramenopiles
1682	MW387419.1	Stramenopiles
1683	NC_057471.1	Stramenopiles
1684	AY534144.1	Stramenopiles
1685	NC_005984.1	Stramenopiles
1686	KF226724.1	Stramenopiles
1687	NC_022178.1	Stramenopiles
1688	GU002153.1	Stramenopiles
1689	NC_013710.1	Stramenopiles
1690	KR149143.1	Stramenopiles
1691	NC_027265.1	Stramenopiles
1692	KU501220.1	Stramenopiles
1693	NC_029643.1	Stramenopiles
1694	BK014413.1	Stramenopiles
1695	NC_063807.1	Stramenopiles
1696	BK059194.1	Stramenopiles
1697	NC_063813.1	Stramenopiles
1698	AB546636.1	Stramenopiles
1699	NC_013837.1	Stramenopiles
1700	MW849264.1	Stramenopiles
1701	NC_063454.1	Stramenopiles
1702	BK011985.1	Stramenopiles
1703	NC_063797.1	Stramenopiles
1704	MN883606.1	Stramenopiles
1705	NC_056123.1	Stramenopiles
1706	MF997420.1	Stramenopiles
1707	NC_037727.1	Stramenopiles
1708	MW413901.1	Stramenopiles
1709	MW417226.1	Stramenopiles
1710	NC_059933.1	Stramenopiles
1711	DQ186202.1	Stramenopiles
1712	NC_007405.1	Stramenopiles
1713	MN883608.1	Stramenopiles
1714	NC_056124.1	Stramenopiles
1715	KT893455.1	Stramenopiles
1716	NC_028331.1	Stramenopiles
1717	AF193903.1	Stramenopiles
1718	NC_000946.1	Stramenopiles
1719	BK011991.1	Stramenopiles
1720	NC_063801.1	Stramenopiles
1721	KT893456.1	Stramenopiles
1722	DQ832717.1	Stramenopiles
1723	NC_009385.1	Stramenopiles
1724	MF997423.1	Stramenopiles
1725	MK702077.1	Stramenopiles
1726	NC_044635.1	Stramenopiles
1727	MN105125.1	Stramenopiles
1728	NC_045922.1	Stramenopiles
1729	MW438344.1	Stramenopiles
1730	MH981596.1	Stramenopiles
1731	NC_041506.1	Stramenopiles
1732	MW438345.1	Stramenopiles
1733	MK922345.1	Stramenopiles
1734	MW438346.1	Stramenopiles
1735	MW438347.1	Stramenopiles
1736	MW438348.1	Stramenopiles
1737	KC012945.1	Stramenopiles
1738	NC_020015.1	Stramenopiles
1739	KC568461.1	Stramenopiles
1740	MW436413.1	Stramenopiles
1741	NC_060304.1	Stramenopiles
1742	MW413904.1	Stramenopiles
1743	KJ410686.1	Stramenopiles
1744	KJ410689.1	Stramenopiles
1745	MZ520767.1	Stramenopiles
1746	KC568458.1	Stramenopiles
1747	NC_022255.1	Stramenopiles
1748	MZ156050.1	Stramenopiles
1749	MT259947.1	Stramenopiles
1750	NC_053869.1	Stramenopiles
1751	KU501221.1	Stramenopiles
1752	BK012090.1	Stramenopiles
1753	MH142315.1	Stramenopiles
1754	MH325167.1	Stramenopiles
1755	MZ156064.1	Stramenopiles
1756	BK011983.1	Stramenopiles
1757	NC_063795.1	Stramenopiles
1758	MK170182.1	Stramenopiles
1759	MW413902.1	Stramenopiles
1760	AF287134.1	Stramenopiles
1761	NC_002571.1	Stramenopiles
1762	MZ156063.1	Stramenopiles
1763	KU501222.1	Stramenopiles
1764	MZ156052.1	Stramenopiles
1765	MN883609.1	Stramenopiles
1766	NC_056125.1	Stramenopiles
1767	KJ410688.1	Stramenopiles
1768	MW438982.1	Stramenopiles
1769	NC_058792.1	Stramenopiles
1770	MW438981.1	Stramenopiles
1771	NC_058791.1	Stramenopiles
1772	MW013551.1	Stramenopiles
1773	NC_056364.1	Stramenopiles
1774	KT946598.1	Stramenopiles
1775	NC_029397.1	Stramenopiles
1776	MG271847.1	Stramenopiles
1777	NC_037988.1	Stramenopiles
1778	MW256714.1	Stramenopiles
1779	NC_057054.1	Stramenopiles
1780	BK011978.1	Stramenopiles
1781	NC_063790.1	Stramenopiles
1782	MW849266.1	Stramenopiles
1783	NC_063455.1	Stramenopiles
1784	MH286884.1	Stramenopiles
1785	MH286887.1	Stramenopiles
1786	AY898627.1	Stramenopiles
1787	MZ156048.1	Stramenopiles
1788	AY898628.1	Stramenopiles
1789	MH286885.1	Stramenopiles
1790	MH286886.1	Stramenopiles
1791	MH936679.1	Stramenopiles
1792	NC_045089.1	Stramenopiles
1793	MW729336.1	Stramenopiles
1794	MZ488953.1	Stramenopiles
1795	EU427470.1	Stramenopiles
1796	MZ488956.1	Stramenopiles
1797	MZ488962.1	Stramenopiles
1798	KT363689.1	Stramenopiles
1799	NC_027978.1	Stramenopiles
1800	MZ488954.1	Stramenopiles
1801	MZ488952.1	Stramenopiles
1802	MZ488959.1	Stramenopiles
1803	NC_058764.1	Stramenopiles
1804	MW438349.1	Stramenopiles
1805	NC_057168.1	Stramenopiles
1806	MZ156045.1	Stramenopiles
1807	BK012095.1	Stramenopiles
1808	BK011992.1	Stramenopiles
1809	NC_063802.1	Stramenopiles
1810	DQ832718.1	Stramenopiles
1811	NC_009384.1	Stramenopiles
1812	MH271689.1	Stramenopiles
1813	NC_040179.1	Stramenopiles
1814	BK059191.1	Stramenopiles
1815	NC_063810.1	Stramenopiles
1816	MW417227.1	Stramenopiles
1817	BK011982.1	Stramenopiles
1818	NC_063794.1	Stramenopiles
1819	BK012089.1	Stramenopiles
1820	MW861541.1	Stramenopiles
1821	MZ156059.1	Stramenopiles
1822	MT383636.1	Stramenopiles
1823	MH923236.1	Stramenopiles
1824	NC_042478.1	Stramenopiles
1825	MT383643.1	Stramenopiles
1826	NC_056792.1	Stramenopiles
1827	AY500367.1	Stramenopiles
1828	NC_007684.1	Stramenopiles
1829	BK012098.1	Stramenopiles
1830	NC_063805.1	Stramenopiles
1831	BK059193.1	Stramenopiles
1832	NC_063812.1	Stramenopiles
1833	MZ488963.1	Stramenopiles
1834	MT383644.1	Stramenopiles
1835	NC_056793.1	Stramenopiles
1836	MT383640.1	Stramenopiles
1837	NC_056789.1	Stramenopiles
1838	MZ488960.1	Stramenopiles
1839	MZ488961.1	Stramenopiles
1840	MZ488964.1	Stramenopiles
1841	MZ488965.1	Stramenopiles
1842	MZ488966.1	Stramenopiles
1843	MZ488949.1	Stramenopiles
1844	NC_058763.1	Stramenopiles
1845	MZ488967.1	Stramenopiles
1846	MZ488968.1	Stramenopiles
1847	BK011976.1	Stramenopiles
1848	NC_063789.1	Stramenopiles
1849	MW423602.1	Stramenopiles
1850	NC_056171.1	Stramenopiles
1851	KC568457.1	Stramenopiles
1852	NC_022254.1	Stramenopiles
1853	MZ156049.1	Stramenopiles
1854	MW438984.1	Stramenopiles
1855	KU561547.1	Stramenopiles
1856	LC384961.1	Stramenopiles
1857	KU561550.1	Stramenopiles
1858	MT767061.1	Stramenopiles
1859	LC228561.1	Stramenopiles
1860	LC228564.1	Stramenopiles
1861	MZ488955.1	Stramenopiles
1862	NC_058765.1	Stramenopiles
1863	MT032128.1	Stramenopiles
1864	LC228565.1	Stramenopiles
1865	KU561548.1	Stramenopiles
1866	LC384960.1	Stramenopiles
1867	GQ222228.1	Stramenopiles
1868	LC229077.1	Stramenopiles
1869	LC228566.1	Stramenopiles
1870	LC384957.1	Stramenopiles
1871	LC384963.1	Stramenopiles
1872	KU726247.1	Stramenopiles
1873	LC384959.1	Stramenopiles
1874	MZ156061.1	Stramenopiles
1875	LC384965.1	Stramenopiles
1876	LC384966.1	Stramenopiles
1877	LC229076.1	Stramenopiles
1878	LC228560.1	Stramenopiles
1879	LC384958.1	Stramenopiles
1880	MZ156057.1	Stramenopiles
1881	LC384964.1	Stramenopiles
1882	LC229078.1	Stramenopiles
1883	AB546637.2	Stramenopiles
1884	NC_016738.1	Stramenopiles
1885	LC228563.1	Stramenopiles
1886	LC384962.1	Stramenopiles
1887	GQ222227.1	Stramenopiles
1888	MZ156062.1	Stramenopiles
1889	LC228562.1	Stramenopiles
1890	KT072718.1	Stramenopiles
1891	NC_027859.1	Stramenopiles
1892	KC568459.1	Stramenopiles
1893	NC_022256.1	Stramenopiles
1894	MT872227.1	Stramenopiles
1895	MT872228.1	Stramenopiles
1896	MT872229.1	Stramenopiles
1897	MT872230.1	Stramenopiles
1898	MK045263.1	Stramenopiles
1899	MW648547.1	Stramenopiles
1900	KT874463.1	Stramenopiles
1901	NC_028615.1	Stramenopiles
1902	BK011987.1	Stramenopiles
1903	BK012092.1	Stramenopiles
1904	NC_063799.1	Stramenopiles
1905	BK014412.1	Stramenopiles
1906	NC_063806.1	Stramenopiles
1907	MW849267.1	Stramenopiles
1908	NC_063456.1	Stramenopiles
1909	KC568460.1	Stramenopiles
1910	NC_022257.1	Stramenopiles
1911	MZ156066.1	Stramenopiles
1912	MZ488957.1	Stramenopiles
1913	NC_058766.1	Stramenopiles
1914	BK012087.1	Stramenopiles
1915	NC_063804.1	Stramenopiles
1916	MG488292.1	Stramenopiles
1917	NC_040224.1	Stramenopiles
1918	BK012088.1	Stramenopiles
1919	MT767059.1	Stramenopiles
1920	MZ488951.1	Stramenopiles
1921	MZ488958.1	Stramenopiles
1922	NC_058767.1	Stramenopiles
1923	MZ488950.1	Stramenopiles
1924	MN883607.1	Stramenopiles
1925	MT742552.1	Stramenopiles
1926	MZ156065.1	Stramenopiles
1927	BK011984.1	Stramenopiles
1928	NC_063796.1	Stramenopiles
1929	MG488291.1	Stramenopiles
1930	BK012097.1	Stramenopiles
1931	BK011993.1	Stramenopiles
1932	NC_063803.1	Stramenopiles
1933	BK059192.1	Stramenopiles
1934	NC_063811.1	Stramenopiles
1935	CP038137.1	Stramenopiles
1936	BK011979.1	Stramenopiles
1937	NC_063791.1	Stramenopiles
1938	KJ410687.1	Stramenopiles
1939	BK014414.1	Stramenopiles
1940	NC_063808.1	Stramenopiles
1941	KC568462.1	Stramenopiles
1942	NC_022258.1	Stramenopiles
1943	KC568456.1	Stramenopiles
1944	AP018507.1	Stramenopiles
1945	KJ957769.1	Stramenopiles
1946	NC_025227.1	Stramenopiles
1947	MT732097.1	Stramenopiles
1948	NC_057230.1	Stramenopiles
1949	BK011988.1	Stramenopiles
1950	NC_063800.1	Stramenopiles
1951	MW566731.1	Stramenopiles
1952	NC_059753.1	Stramenopiles
1953	BK014415.1	Stramenopiles
1954	NC_063809.1	Stramenopiles
1955	NC_004024.1	Stramenopiles
1956	CP044583.1	Stramenopiles
1957	CP044615.1	Stramenopiles
1958	MZ156051.1	Stramenopiles
1959	BK012093.1	Stramenopiles
1960	JN099683.1	Stramenopiles
1961	NC_021639.1	Stramenopiles
1962	U17009.2	Stramenopiles
1963	NC_002387.1	Stramenopiles
1964	BK011980.1	Stramenopiles
1965	NC_063792.1	Stramenopiles
1966	MZ156055.1	Stramenopiles
1967	AY894835.1	Stramenopiles
1968	HM590418.1	Stramenopiles
1969	NC_015616.1	Stramenopiles
1970	HM590419.1	Stramenopiles
1971	NC_015619.1	Stramenopiles
1972	HM590420.1	Stramenopiles
1973	NC_015622.1	Stramenopiles
1974	MT732098.1	Stramenopiles
1975	NC_056140.1	Stramenopiles
1976	BK012096.1	Stramenopiles
1977	MZ156053.1	Stramenopiles
1978	KU164874.1	Stramenopiles
1979	KU164873.1	Stramenopiles
1980	NC_032046.1	Stramenopiles
1981	AP018509.1	Stramenopiles
1982	MG271845.1	Stramenopiles
1983	NC_037986.1	Stramenopiles
1984	HM590421.1	Stramenopiles
1985	NC_015606.1	Stramenopiles
1986	KX889125.1	Stramenopiles
1987	NC_032171.1	Stramenopiles
1988	MH297491.1	Stramenopiles
1989	BK012094.1	Stramenopiles
1990	KM657964.1	Stramenopiles
1991	BK011990.1	Stramenopiles
1992	KM675818.1	Stramenopiles
1993	NC_026108.1	Stramenopiles
1994	KX073817.1	Stramenopiles
1995	AP011493.1	Stramenopiles
1996	AP011494.1	Stramenopiles
1997	AP011496.1	Stramenopiles
1998	AP011497.1	Stramenopiles
1999	NC_013476.1	Stramenopiles
2000	NC_013477.1	Stramenopiles
2001	NC_013482.1	Stramenopiles
2002	NC_013484.1	Stramenopiles
2003	KP058499.1	Stramenopiles
2004	KR056087.1	Stramenopiles
2005	KT271760.1	Stramenopiles
2006	KT336420.1	Stramenopiles
2007	KT356873.1	Stramenopiles
2008	NC_028192.1	Stramenopiles
2009	KU556731.1	Stramenopiles
2010	KX073816.1	Stramenopiles
2011	MF622087.1	Stramenopiles
2012	MG712781.1	Stramenopiles
2013	MG712776.1	Stramenopiles
2014	MG712777.1	Stramenopiles
2015	MG712778.1	Stramenopiles
2016	MG712780.1	Stramenopiles
2017	NC_040853.1	Stramenopiles
2018	NC_040854.1	Stramenopiles
2019	AP011495.1	Stramenopiles
2020	NC_013478.1	Stramenopiles
2021	KT428594.1	Stramenopiles
2022	NC_028211.1	Stramenopiles
2023	MZ156067.1	Stramenopiles
2024	JF937591.1	Stramenopiles
2025	NC_015669.1	Stramenopiles
2026	KX073815.1	Stramenopiles
2027	MG712779.1	Stramenopiles
2028	MK170139.1	Stramenopiles
2029	MK170140.1	Stramenopiles
2030	MK170141.1	Stramenopiles
2031	KT336421.1	Stramenopiles
2032	JN099684.1	Stramenopiles
2033	NC_021640.1	Stramenopiles
2034	KR350664.1	Stramenopiles
2035	NC_029206.1	Stramenopiles
2036	MW018491.1	Stramenopiles
2037	NC_056371.1	Stramenopiles
2038	KT315643.1	Stramenopiles
2039	AP011498.1	Stramenopiles
2040	NC_013473.1	Stramenopiles
2041	MZ156054.1	Stramenopiles
2042	KY851301.1	Stramenopiles
2043	NC_035725.1	Stramenopiles
2044	MW438983.1	Stramenopiles
2045	NC_058793.1	Stramenopiles
2046	AP011499.1	Stramenopiles
2047	NC_013475.1	Stramenopiles
2048	BK011986.1	Stramenopiles
2049	BK012091.1	Stramenopiles
2050	NC_063798.1	Stramenopiles
2051	MZ156058.1	Stramenopiles
2052	KF384641.1	Stramenopiles
2053	NC_023506.1	Stramenopiles
2054	MF374731.1	Stramenopiles
2055	NC_036747.1	Stramenopiles
2056	MZ156060.1	Stramenopiles
2057	MW561350.1	Stramenopiles
2058	MW413903.1	Stramenopiles
2059	KF319031.1	Stramenopiles
2060	NC_023354.1	Stramenopiles
2061	MH392199.1	Stramenopiles
2062	NC_042395.1	Stramenopiles
2063	MH411105.1	Stramenopiles
2064	NC_042669.1	Stramenopiles
2065	MN561186.1	Stramenopiles
2066	NC_056287.1	Stramenopiles
2067	MW405262.1	Stramenopiles
2068	NC_056161.1	Stramenopiles
2069	NC_030223.1	Stramenopiles
2070	MN883604.1	Stramenopiles
2071	NC_056122.1	Stramenopiles
2072	MT032127.1	Stramenopiles
2073	MK965907.1	Stramenopiles
2074	NC_044181.1	Stramenopiles
2075	MZ156056.1	Stramenopiles
2076	MN883602.1	Stramenopiles
2077	NC_056120.1	Stramenopiles
2078	MN883603.1	Stramenopiles
2079	NC_056121.1	Stramenopiles
2080	MN883605.1	Stramenopiles
2081	MW023083.1	Stramenopiles
2082	NC_056903.1	Stramenopiles
2083	BK011981.1	Stramenopiles
2084	NC_063793.1	Stramenopiles
2085	MW849265.1	Stramenopiles
2086	KJ995702.1	Stramenopiles
2087	NC_025240.1	Stramenopiles
2088	BK014408.1	Stramenopiles
2089	BK014404.1	Stramenopiles
2090	BK014407.1	Stramenopiles
2091	BK014410.1	Stramenopiles
2092	BK014405.1	Stramenopiles
2093	BK014411.1	Stramenopiles
2094	MT032126.1	Stramenopiles
2095	BK014416.1	Stramenopiles
2096	BK014402.1	Stramenopiles
2097	BK014403.1	Stramenopiles
2098	MW287989.1	Stramenopiles
2099	AP018512.1	Stramenopiles
2100	MN883601.1	Stramenopiles
2101	MW287988.1	Stramenopiles
2102	BK014406.1	Stramenopiles
2103	NC_056119.1	Stramenopiles
2104	BK011977.1	Stramenopiles
2105	BK014409.1	Stramenopiles
2106	MW849270.1	Stramenopiles
2107	NC_063458.1	Stramenopiles
2108	KY678904.1	Stramenopiles
2109	NC_034672.1	Stramenopiles
2110	MG922856.1	Stramenopiles
2111	AY494079.1	Stramenopiles
2112	NC_007683.1	Stramenopiles
2113	MW438979.1	Stramenopiles
2114	NC_058789.1	Stramenopiles
2115	MH681882.1	Stramenopiles
2116	NC_044492.1	Stramenopiles
2117	MF997422.1	Stramenopiles
2118	NC_037729.1	Stramenopiles
2119	MW438980.1	Stramenopiles
2120	NC_058790.1	Stramenopiles
2121	MW026607.1	Stramenopiles
2122	NC_054334.1	Stramenopiles
2123	MF997419.1	Stramenopiles
2124	MW122841.1	Stramenopiles
2125	NC_057078.1	Stramenopiles
2126	LC537470.1	Stramenopiles
2127	MW485976.1	Stramenopiles
2128	KM244739.1	Stramenopiles
2129	NC_025302.1	Stramenopiles
2130	MG182051.1	Stramenopiles
2131	NC_037990.1	Stramenopiles
2132	AP018510.1	Stramenopiles
2133	AP018505.1	Stramenopiles
2134	LC600866.1	Stramenopiles
2135	KU255794.1	Stramenopiles
2136	NC_032287.1	Stramenopiles
2137	KM886611.1	Stramenopiles
2138	NC_026126.1	Stramenopiles
2139	MW849271.1	Stramenopiles
2140	KM501562.1	Stramenopiles
2141	NC_027413.1	Stramenopiles
2142	MW435847.1	Stramenopiles
2143	KT272403.1	Stramenopiles
2144	MW682829.1	Stramenopiles
2145	NC_063981.1	Stramenopiles
2146	MW682826.1	Stramenopiles
2147	NC_063978.1	Stramenopiles
2148	MW682828.1	Stramenopiles
2149	NC_063980.1	Stramenopiles
2150	MW682824.1	Stramenopiles
2151	NC_063976.1	Stramenopiles
2152	KT276514.1	Stramenopiles
2153	NC_034272.1	Stramenopiles
2154	KR132242.1	Stramenopiles
2155	NC_027508.1	Stramenopiles
2156	KT280278.1	Stramenopiles
2157	MW682825.1	Stramenopiles
2158	NC_063977.1	Stramenopiles
2159	MT920491.1	Stramenopiles
2160	NC_063107.1	Stramenopiles
2161	MT740313.1	Stramenopiles
2162	NC_052831.1	Stramenopiles
2163	MW392567.1	Stramenopiles
2164	NC_059919.1	Stramenopiles
2165	MZ642288.1	Stramenopiles
2166	NC_063707.1	Stramenopiles
2167	MW682827.1	Stramenopiles
2168	NC_063979.1	Stramenopiles
2169	MG674825.1	Stramenopiles
2170	NC_038156.1	Stramenopiles
2171	MT712045.1	Stramenopiles
2172	NC_050651.1	Stramenopiles
2173	KT266809.1	Stramenopiles
2174	NC_033408.1	Stramenopiles
2175	KP280065.1	Stramenopiles
2176	NC_026700.1	Stramenopiles
2177	KY084907.1	Stramenopiles
2178	KY084908.1	Stramenopiles
2179	KY084909.1	Stramenopiles
2180	KY084911.1	Stramenopiles
2181	NC_033384.1	Stramenopiles
2182	NC_033385.1	Stramenopiles
2183	OK235333.1	Stramenopiles
2184	NC_063522.1	Stramenopiles
2185	MG459430.1	Stramenopiles
2186	KJ938301.1	Stramenopiles
2187	NC_024614.1	Stramenopiles
2188	MW682830.1	Stramenopiles
2189	KJ946428.1	Stramenopiles
2190	NC_024655.1	Stramenopiles
2191	MN883537.1	Stramenopiles
2192	KM210510.1	Stramenopiles
2193	NC_024861.1	Stramenopiles
2194	MT845205.1	Stramenopiles
2195	MG774889.1	Stramenopiles
2196	MG774890.1	Stramenopiles
2197	MT795187.1	Stramenopiles
2198	MG681098.1	Stramenopiles
2199	MG681099.1	Stramenopiles
2200	MH586537.1	Stramenopiles
2201	MH590360.1	Stramenopiles
2202	MH590362.1	Stramenopiles
2203	MH590363.1	Stramenopiles
2204	MH590364.1	Stramenopiles
2205	MH602244.1	Stramenopiles
2206	MH602245.1	Stramenopiles
2207	MH602246.1	Stramenopiles
2208	MH607126.1	Stramenopiles
2209	MH607127.1	Stramenopiles
2210	MH643729.1	Stramenopiles
2211	MH814646.1	Stramenopiles
2212	MH814647.1	Stramenopiles
2213	MH620963.1	Stramenopiles
2214	MW682823.1	Stramenopiles
2215	MG681096.1	Stramenopiles
2216	MG681097.1	Stramenopiles
2217	MG774887.1	Stramenopiles
2218	MG774888.1	Stramenopiles
2219	MH586538.1	Stramenopiles
2220	MH590358.1	Stramenopiles
2221	MH590359.1	Stramenopiles
2222	MH590361.1	Stramenopiles
2223	MH590365.1	Stramenopiles
2224	MH590366.1	Stramenopiles
2225	MH607124.1	Stramenopiles
2226	MH607125.1	Stramenopiles
2227	MH643728.1	Stramenopiles
2228	MH643730.1	Stramenopiles
2229	MH814648.1	Stramenopiles
2230	MH814649.1	Stramenopiles
2231	MH620962.1	Stramenopiles
2232	MT795186.1	Stramenopiles
2233	MG762006.1	Stramenopiles
2234	MG770606.1	Stramenopiles
2235	KJ938300.1	Stramenopiles
2236	NC_024613.1	Stramenopiles
2237	MG762007.1	Stramenopiles
2238	MW413905.1	Stramenopiles
2239	AF222718.1	Stramenopiles
2240	NC_002174.1	Stramenopiles
2241	MF997421.1	Stramenopiles
2242	NC_037728.1	Stramenopiles
2243	MG940856.1	Stramenopiles
2244	NC_043845.1	Stramenopiles
2245	AY500368.1	Stramenopiles
2246	NC_007685.1	Stramenopiles
2247	KU183024.1	Stramenopiles
2248	MH259702.1	Stramenopiles
2249	KU900237.1	Stramenopiles
2250	KU900239.1	Stramenopiles
2251	EF494740.3	Stramenopiles
2252	NC_011213.1	Stramenopiles
2253	KU900234.1	Stramenopiles
2254	KU900235.1	Stramenopiles
2255	NC_018042.1	Stramenopiles
2256	HQ909887.2	Stramenopiles
2257	HQ909886.2	Stramenopiles
2258	HQ909888.2	Stramenopiles
2259	KU900238.1	Stramenopiles
2260	KU900236.1	Stramenopiles
2261	NC_011212.1	Stramenopiles
2262	EF494739.3	Stramenopiles
2263	KT207632.1	Stramenopiles
2264	NC_027962.1	Stramenopiles
2265	MT267870.1	Stramenopiles
2266	MZ748316.1	Rhodophyta
2267	NC_062400.1	Rhodophyta
2268	MT483995.1	Rhodophyta
2269	MZ748320.1	Rhodophyta
2270	NC_062403.1	Rhodophyta
2271	MZ748318.1	Rhodophyta
2272	NC_062402.1	Rhodophyta
2273	MZ748309.1	Rhodophyta
2274	NC_062397.1	Rhodophyta
2275	MZ748321.1	Rhodophyta
2276	NC_062303.1	Rhodophyta
2277	KP710961.1	Rhodophyta
2278	NC_026905.1	Rhodophyta
2279	KC750917.1	Rhodophyta
2280	NC_021475.1	Rhodophyta
2281	MK695879.1	Rhodophyta
2282	JQ736809.1	Rhodophyta
2283	NC_017837.1	Rhodophyta
2284	KF515974.1	Rhodophyta
2285	MW822750.1	Rhodophyta
2286	KJ708765.1	Rhodophyta
2287	NC_024289.1	Rhodophyta
2288	KJ708763.1	Rhodophyta
2289	JQ736808.1	Rhodophyta
2290	NC_017751.1	Rhodophyta
2291	AF114794.1	Rhodophyta
2292	NC_002007.1	Rhodophyta
2293	MZ748311.1	Rhodophyta
2294	NC_062398.1	Rhodophyta
2295	KF561997.1	Rhodophyta
2296	KP890080.1	Rhodophyta
2297	NC_027616.1	Rhodophyta
2298	KF515975.1	Rhodophyta
2299	KJ708766.1	Rhodophyta
2300	KJ708762.1	Rhodophyta
2301	NC_024288.1	Rhodophyta
2302	KJ708761.1	Rhodophyta
2303	KJ708771.1	Rhodophyta
2304	KJ708772.1	Rhodophyta
2305	MZ748313.1	Rhodophyta
2306	KU356193.1	Rhodophyta
2307	MT270118.1	Rhodophyta
2308	NC_053320.1	Rhodophyta
2309	KJ708768.1	Rhodophyta
2310	KJ708764.1	Rhodophyta
2311	KF515971.1	Rhodophyta
2312	MZ393456.1	Rhodophyta
2313	NC_058738.1	Rhodophyta
2314	MZ393457.1	Rhodophyta
2315	MT588076.1	Rhodophyta
2316	KF649304.1	Rhodophyta
2317	NC_026055.1	Rhodophyta
2318	MT270117.1	Rhodophyta
2319	NC_053319.1	Rhodophyta
2320	KF649303.1	Rhodophyta
2321	NC_026054.1	Rhodophyta
2322	MZ393458.1	Rhodophyta
2323	MZ393459.1	Rhodophyta
2324	MZ748312.1	Rhodophyta
2325	KJ708767.1	Rhodophyta
2326	KJ708769.1	Rhodophyta
2327	KJ569774.1	Rhodophyta
2328	KJ708770.1	Rhodophyta
2329	MN431656.1	Rhodophyta
2330	NC_051882.1	Rhodophyta
2331	MT270119.1	Rhodophyta
2332	MZ748314.1	Rhodophyta
2333	LC519602.1	Rhodophyta
2334	NC_000887.3	Rhodophyta
2335	AP019296.1	Rhodophyta
2336	MH281625.1	Rhodophyta
2337	MH281622.1	Rhodophyta
2338	MG787097.1	Rhodophyta
2339	KF649305.1	Rhodophyta
2340	NC_026056.1	Rhodophyta
2341	MG598532.1	Rhodophyta
2342	NC_037842.1	Rhodophyta
2343	KJ689442.1	Rhodophyta
2344	NC_024579.1	Rhodophyta
2345	JQ388471.1	Rhodophyta
2346	NC_018544.1	Rhodophyta
2347	KM999231.1	Rhodophyta
2348	MZ748307.1	Rhodophyta
2349	NC_062395.1	Rhodophyta
2350	ON000901.1	Rhodophyta
2351	NC_063817.1	Rhodophyta
2352	MH281623.1	Rhodophyta
2353	NC_039979.1	Rhodophyta
2354	KC875853.1	Rhodophyta
2355	NC_023094.1	Rhodophyta
2356	KY212107.1	Rhodophyta
2357	NC_038145.1	Rhodophyta
2358	MZ336099.1	Rhodophyta
2359	NC_058686.1	Rhodophyta
2360	MN882544.1	Rhodophyta
2361	NC_061754.1	Rhodophyta
2362	MZ336095.1	Rhodophyta
2363	NC_058684.1	Rhodophyta
2364	HQ586060.1	Rhodophyta
2365	NC_014772.1	Rhodophyta
2366	KX687878.1	Rhodophyta
2367	KP728466.1	Rhodophyta
2368	NC_026831.1	Rhodophyta
2369	MF401962.1	Rhodophyta
2370	KY083068.1	Rhodophyta
2371	NC_035351.1	Rhodophyta
2372	LC650807.1	Rhodophyta
2373	MZ336097.1	Rhodophyta
2374	MH396023.1	Rhodophyta
2375	NC_039150.1	Rhodophyta
2376	MT211881.1	Rhodophyta
2377	MZ748310.1	Rhodophyta
2378	NC_062302.1	Rhodophyta
2379	MN967053.1	Rhodophyta
2380	NC_046496.1	Rhodophyta
2381	MT211883.1	Rhodophyta
2382	KC875851.1	Rhodophyta
2383	NC_023251.1	Rhodophyta
2384	KU641510.1	Rhodophyta
2385	NC_033904.1	Rhodophyta
2386	KR005619.1	Rhodophyta
2387	NC_027061.1	Rhodophyta
2388	MH026109.1	Rhodophyta
2389	NC_042172.1	Rhodophyta
2390	MZ336086.1	Rhodophyta
2391	MT211882.1	Rhodophyta
2392	KF186230.1	Rhodophyta
2393	NC_023454.1	Rhodophyta
2394	KC875852.1	Rhodophyta
2395	NC_023252.1	Rhodophyta
2396	MH396022.1	Rhodophyta
2397	MW292567.1	Rhodophyta
2398	NC_057487.1	Rhodophyta
2399	MZ336098.1	Rhodophyta
2400	MZ336078.1	Rhodophyta
2401	NC_058673.1	Rhodophyta
2402	KJ398158.1	Rhodophyta
2403	NC_026843.1	Rhodophyta
2404	KX247283.1	Rhodophyta
2405	NC_031160.1	Rhodophyta
2406	MH281624.1	Rhodophyta
2407	NC_039980.1	Rhodophyta
2408	MH396017.1	Rhodophyta
2409	NC_039146.1	Rhodophyta
2410	MH396024.1	Rhodophyta
2411	NC_039151.1	Rhodophyta
2412	KY054924.1	Rhodophyta
2413	MT193839.1	Rhodophyta
2414	NC_047435.1	Rhodophyta
2415	OM960741.1	Rhodophyta
2416	NC_063816.1	Rhodophyta
2417	KJ526627.1	Rhodophyta
2418	KJ526626.1	Rhodophyta
2419	NC_027064.1	Rhodophyta
2420	MK408747.1	Rhodophyta
2421	NC_041635.1	Rhodophyta
2422	MZ336077.1	Rhodophyta
2423	NC_058672.1	Rhodophyta
2424	MZ336082.1	Rhodophyta
2425	MZ336088.1	Rhodophyta
2426	NC_058679.1	Rhodophyta
2427	KT373903.1	Rhodophyta
2428	MH396020.1	Rhodophyta
2429	NC_039149.1	Rhodophyta
2430	MT032181.1	Rhodophyta
2431	NC_053772.1	Rhodophyta
2432	MZ336092.1	Rhodophyta
2433	KX525587.1	Rhodophyta
2434	NC_031166.1	Rhodophyta
2435	MK598844.1	Rhodophyta
2436	NC_042900.1	Rhodophyta
2437	HQ586061.1	Rhodophyta
2438	NC_014773.1	Rhodophyta
2439	JQ071938.1	Rhodophyta
2440	MH396021.1	Rhodophyta
2441	MG592728.1	Rhodophyta
2442	MH396019.1	Rhodophyta
2443	NC_039148.1	Rhodophyta
2444	MG787095.1	Rhodophyta
2445	NC_039405.1	Rhodophyta
2446	MZ336085.1	Rhodophyta
2447	NC_058678.1	Rhodophyta
2448	NC_001677.2	Rhodophyta
2449	MG733298.1	Rhodophyta
2450	NC_038211.1	Rhodophyta
2451	MG592727.1	Rhodophyta
2452	NC_037891.1	Rhodophyta
2453	MF372958.1	Rhodophyta
2454	NC_038101.1	Rhodophyta
2455	MZ336091.1	Rhodophyta
2456	NC_058682.1	Rhodophyta
2457	KY009863.1	Rhodophyta
2458	MZ336081.1	Rhodophyta
2459	MZ336094.1	Rhodophyta
2460	NC_058683.1	Rhodophyta
2461	MG592729.1	Rhodophyta
2462	NC_037892.1	Rhodophyta
2463	MZ336076.1	Rhodophyta
2464	NC_058671.1	Rhodophyta
2465	MG592726.1	Rhodophyta
2466	NC_037890.1	Rhodophyta
2467	KX980031.1	Rhodophyta
2468	NC_034681.1	Rhodophyta
2469	MZ336080.1	Rhodophyta
2470	NC_058675.1	Rhodophyta
2471	MG592725.1	Rhodophyta
2472	NC_037889.1	Rhodophyta
2473	MZ336083.1	Rhodophyta
2474	NC_058676.1	Rhodophyta
2475	MZ336089.1	Rhodophyta
2476	NC_058680.1	Rhodophyta
2477	MZ336090.1	Rhodophyta
2478	NC_058681.1	Rhodophyta
2479	LC484362.1	Rhodophyta
2480	NC_044414.1	Rhodophyta
2481	MH281621.1	Rhodophyta
2482	MZ336087.1	Rhodophyta
2483	MH396018.1	Rhodophyta
2484	NC_039147.1	Rhodophyta
2485	MZ336096.1	Rhodophyta
2486	NC_058685.1	Rhodophyta
2487	MT117919.1	Rhodophyta
2488	MZ336079.1	Rhodophyta
2489	NC_058674.1	Rhodophyta
2490	MN912388.1	Rhodophyta
2491	MZ336084.1	Rhodophyta
2492	NC_058677.1	Rhodophyta
2493	KY083066.1	Rhodophyta
2494	NC_035158.1	Rhodophyta
2495	KX687877.1	Rhodophyta
2496	NC_032002.1	Rhodophyta
2497	MH396025.1	Rhodophyta
2498	NC_039152.1	Rhodophyta
2499	MZ336093.1	Rhodophyta
2500	KX687880.1	Rhodophyta
2501	NC_032003.1	Rhodophyta
2502	MF680515.1	Rhodophyta
2503	NC_036432.1	Rhodophyta
2504	MW750196.1	Rhodophyta
2505	MT742595.1	Rhodophyta
2506	NC_052712.1	Rhodophyta
2507	MF680514.1	Rhodophyta
2508	NC_036431.1	Rhodophyta
2509	KF824534.1	Rhodophyta
2510	NC_023784.1	Rhodophyta
2511	MT742596.1	Rhodophyta
2512	NC_052713.1	Rhodophyta
2513	MT742598.1	Rhodophyta
2514	MT117917.1	Rhodophyta
2515	MT742597.1	Rhodophyta
2516	KF833365.1	Rhodophyta
2517	NC_024265.1	Rhodophyta
2518	MT742599.1	Rhodophyta
2519	MT742604.1	Rhodophyta
2520	MT742600.1	Rhodophyta
2521	MT742601.1	Rhodophyta
2522	MF351970.1	Rhodophyta
2523	MT742602.1	Rhodophyta
2524	KU885455.1	Rhodophyta
2525	NC_031814.1	Rhodophyta
2526	MF488959.1	Rhodophyta
2527	NC_036231.1	Rhodophyta
2528	KX687879.1	Rhodophyta
2529	HQ586059.1	Rhodophyta
2530	NC_014771.1	Rhodophyta
2531	MG787099.1	Rhodophyta
2532	NC_039407.1	Rhodophyta
2533	KY083064.1	Rhodophyta
2534	NC_035349.1	Rhodophyta
2535	MG787096.1	Rhodophyta
2536	NC_039406.1	Rhodophyta
2537	MG787098.1	Rhodophyta
2538	MH898940.1	Rhodophyta
2539	NC_051456.1	Rhodophyta
2540	MK611801.1	Rhodophyta
2541	MW810348.1	Rhodophyta
2542	KX427230.1	Rhodophyta
2543	NC_031837.1	Rhodophyta
2544	KX427233.1	Rhodophyta
2545	NC_031840.1	Rhodophyta
2546	MG922859.1	Rhodophyta
2547	NC_040155.1	Rhodophyta
2548	MG922863.1	Rhodophyta
2549	NC_040157.1	Rhodophyta
2550	MG922857.1	Rhodophyta
2551	NC_040985.1	Rhodophyta
2552	MT742603.1	Rhodophyta
2553	NC_052714.1	Rhodophyta
2554	KX427231.1	Rhodophyta
2555	NC_031838.1	Rhodophyta
2556	KX427228.1	Rhodophyta
2557	KX427237.1	Rhodophyta
2558	NC_031844.1	Rhodophyta
2559	NC_031836.1	Rhodophyta
2560	KX427235.1	Rhodophyta
2561	NC_031842.1	Rhodophyta
2562	KX427236.1	Rhodophyta
2563	NC_031843.1	Rhodophyta
2564	KF290995.1	Rhodophyta
2565	NC_026053.1	Rhodophyta
2566	KX427232.1	Rhodophyta
2567	NC_031839.1	Rhodophyta
2568	KX427234.1	Rhodophyta
2569	NC_031841.1	Rhodophyta
2570	KX427229.1	Rhodophyta
2571	KC875854.1	Rhodophyta
2572	NC_023077.1	Rhodophyta
2573	MG787094.1	Rhodophyta
2574	NC_039404.1	Rhodophyta
2575	MT270116.1	Rhodophyta
2576	NC_053318.1	Rhodophyta
2577	MT270115.1	Rhodophyta
2578	KJ700460.1	Rhodophyta
2579	NC_024666.1	Rhodophyta
2580	MZ748319.1	Rhodophyta
